2;de;Frankreich;8:00 - 11:00 Uhr/15:00 - 20:00 Uhr;06.04.2013 - 28.09.2013;Vom 06.04.2013 bis zum 06.07.2013 und vom 31.08.2013 bis zum 28.09.2013 täglich außer dienstags. Vom 06.07.2013 bis zum 31.08.2013 mittwochs und samstags.;"Auf dem Campingplatz „Pins Parasols“ finden  Sie Komfort und 
Entspannung in unmittelbarer Nähe der schönsten Strände der 
Küste. Genießen Sie die herrliche Badelandschaft und die Umgebung. Nur ein Auto pro Parzelle innerhalb der Anlage erlaubt. Autobahn in der Nähe.";;
2;en;France;;;;; ;
2;fr;France;8h-11h/15h-20h;06/04/2013-28/09/2013;Du 06/04/2013 au 06/07/2013 et du 31/08/2013 au 28/09/2013, tous les jours sauf le mardi. Du 06/07/2013 au 31/08/2013, le mercredi et le samedi.;Aux Pins Parasols, à Fréjus, vous trouverez confort et détente, à proximité des plus belles plages du littoral. Profitez de l'espace aquatique et de la région varoise. Un seul véhicule autorisé par location dans l'enceinte du camping. Nous signalons la proximité d'une route.;;
2;nl;France;;;;;;
3;de;Frankreich;8:00 - 11:00 Uhr/15:00 - 20:00 Uhr;27.04.2013 - 07.09.2013;Vom 27.04.2013 bis zum 06.07.2013 und vom 31.08.2013 bis zum 07.09.2013 täglich außer dienstags. Vom 06.07.2013 bis zum 31.08.2013 mittwochs und samstags.;"Nicht weit von Vallon Pont d‘Arc und seinen Einkaufsmöglichkeiten  entfernt,  heißt  Sie  der  Campingplatz  „Plage  Fleurie“  willkommen  für  einen  Urlaub  voller  Entspannung  verbunden mit sportlichen Aktivitäten fernab 
vom Alltagsstress. Entdecken Sie in nächster Nähe die Schluchten der Ardèche und zahlreiche touristische Sehenswürdigkeiten.";;
3;en;France;;;;;;
3;fr;France;8h-11h/15h-20h;27/04/2013-07/09/2013;Du 27/04/2013 au 06/07/2013 et du 31/08/2013 au 07/09/2013, tous les jours sauf le mardi. Du 06/07/2013 au 31/08/2013, le mercredi et le samedi.;"Le camping ""La Plage Fleurie"" de Vallon Pont d'Arc, vous accueille pour des vacances au calme, qui vous permettront d'allier décontraction et activités sportives à proximité des Gorges de l'Ardèche et de nombreux sites touristiques.";; 
3;nl;France;;;;;;
4;de;Spanien;8:00 - 11:00 Uhr/15:00 - 20:00 Uhr;06.04.2013 - 29.09.2013;Vom 06.04.2013 bis zum 06.07.2013 und vom 31.08.2013 bis zum 29.09.2013 täglich außer dienstags. Vom 06.07.2013 bis zum 31.08.2013 mittwochs und samstags.;"Direkt  am  Meer  gelegen,  erleben  Sie  auf  dem  Campingplatz  
„Playa Montroig“ einen Urlaub der besonderen Art. Eingebettet 
in eine einmalige Pflanzenwelt, bietet Ihnen der Campingplatz 
eine  wunderschöne  Badelandschaft,  vielfältige Aktivitäten und natürlich das Meer. ";;
4;en;Espagne;;;;;;
4;fr;Espagne;8h-11h/15h-20h;06/04/2013-29/09/2013;Du 06/04/2013 au 06/07/2013 et du 31/08/2013 au 29/09/2013, tous les jours sauf le mardi. Du 06/07/2013 au 31/08/2013, le mercredi et le samedi.;Avec son accès direct à la mer, le camping Playa Montroig est une destination idéale pour les personnes en quête de confort. Dans un cadre à la végétation luxuriante, venez profiter de la piscine, des activités, et bien entendu de la plage !;;
4;nl;Espagne;;;;;;
5;de;Spanien;8:00 - 11:00 Uhr/15:00 - 20:00 Uhr;27.04.2013 - 15.09.2013;Vom 27.04.2013 bis zum 06.07.2013 und vom 31.08.2013 bis zum 15.09.2013 täglich außer dienstags. Vom 06.07.2013 bis zum 31.08.2013 mittwochs und samstags.;"Verbringen Sie Ihren Traumurlaub direkt am Meer. Der Camping-
platz  „Playa  Tropicana“  erwartet  Sie  mit  seiner  wunderbaren 
Badelandschaft, seinen sportlichen Aktivitäten und zahlreichen 
Ausflugsmöglichkeiten  in der Region.";;
5;en;Espagne;;;;;;
5;fr;Espagne;8h-11h/15h-20h;27/04/2013-15/09/2013;Du 27/04/2013 au 06/07/2013 et du 31/08/2013 au 15/09/2013, tous les jours sauf le mardi. Du 06/07/2013 au 31/08/2013, le mercredi et le samedi.;Venez passer des vacances de rêve en bordure de plage ! Le Playa Tropicana vous propose son espace piscine, ses activités sportives, sans oublier les excursions à travers la région.;;
5;nl;Espagne;;;;;;
11;de;Frankreich;8:00 - 11:00 Uhr/15:00 - 20:00 Uhr;06.04.2013 - 29.09.2013;Vom 06.04.2013 bis zum 06.07.2013 und vom 31.08.2013 bis zum 29.09.2013 täglich außer dienstags. Vom 06.07.2013 bis zum 31.08.2013 mittwochs und samstags.;"Der Campingplatz „Saint Aygulf Plage“ empfängt Sie direkt am 
langen  Sandstrand  und  ersetzt damit das Schwimmbad. Er liegt in der Nähe der bekanntesten Seebäder der Côte d'Azur und bietet Erholung und Geselligkeit, besonders auch für Familien. ";;
11;en;France;;;;;;
11;fr;France;8h-11h/15h-20h;06/04/2013-29/09/2013;Du 06/04/2013 au 06/07/2013 et du 31/08/2013 au 29/09/2013, tous les jours sauf le mardi. Du 06/07/2013 au 31/08/2013, le mercredi et le samedi.;L'accès direct à la mer, au départ de ce camping saint Aygulf Plage, remplace aisément l'absence de piscine. Situé à proximité de l'une des principales stations balnéaires de la Côte d'Azur, ce camping familial apportera à vos vacances, détente et convivialité.;;
11;nl;France;;;;;;
18;de;Frankreich;8:00 - 11:00 Uhr/15:00 - 20:00 Uhr;04.05.2013 - 21.09.2013;Vom 04.05.2013 bis zum 06.07.2013 und vom 31.08.2013 bis zum 21.09.2013 täglich außer dienstags. Vom 06.07.2013 bis zum 31.08.2013 mittwochs und samstags.;"Direkt  am  Meer  gelegen,  befindet  sich  der  Campingplatz  „Le  Soleil“  in  einer  
wunderschönen, geschützten Naturlandschaft, die aus einer dichten und vielfältigen 
Pflanzenwelt besteht. Eine großzügige Poollandschaft von 1500 m² Größe steht im 
Mittelpunkt des Angebots des Campingplatzes, der Ihnen alles bietet, was eine Ferienanlage 
ausmacht, wie z.B. Einkaufsmöglichkeiten, ein katalanisches Restaurant, eine Bar und
eine Diskothek.";;
18;en;France;;;;;;
18;fr;France;8h-11h/15h-20h;04/05/2013-21/09/2013;Du 04/05/2013 au 06/07/2013 et du 31/08/2013 au 21/09/2013, tous les jours sauf le mardi. Du 06/07/2013 au 31/08/2013, le mercredi et le samedi.;Directement en bord de plage à argelès sur Mer, Le Soleil s'étend au sein d'un environnement préservé sur un terrain à la végétation dense et variée. Une splendide piscine californienne de 1500 m² est le point fort de ce camping, qui rassemble toutes les infrastructures d'un véritable village de vacances : commerces, restaurant catalan, bar pub et discothèque.;;
18;nl;France;;;;;;
19;de;Frankreich;8:00 - 11:00 Uhr/15:00 - 20:00 Uhr;06.04.2013 - 29.09.2013;Vom 06.04.2013 bis zum 06.07.2013 und vom 31.08.2013 bis zum 29.09.2013 täglich außer dienstags. Vom 06.07.2013 bis zum 31.08.2013 mittwochs und samstags.;"Mit seiner idealen Lage zwischen dem Mittelmeer und den Pyrenäen besticht der 
Campingplatz „Le Soleil de la Méditerranée“ durch den nahegelegenen Strand und  
verschiedenste sommerliche Unterhaltungsprogramme in Saint-Cyprien."; ;
19;en;France;;;;;;
19;fr;France;8h-11h/15h-20h;06/04/2013-29/09/2013;Du 06/04/2013 au 06/07/2013 et du 31/08/2013 au 29/09/2013, tous les jours sauf le mardi. Du 06/07/2013 au 31/08/2013, le mercredi et le samedi.;Au soleil du midi, entre Méditerranée et Pyrénées, détendez-vous au camping Le Soleil de Méditerranée. Découvrez St-Cyprien, un environnement préservé au bord de la grande bleue, et profitez pleinement des plages et des animations estivales.;;
19;nl;France;;;;;;
23;de;Italien;8:00 - 11:00 Uhr/15:00 - 20:00 Uhr;13.04.2013 - 15.09.2013;Vom 13.06.2013 bis zum 06.07.2013 und vom 31.08.2013 bis zum 29.09.2013 täglich außer dienstags. Vom 06.07.2013 bis zum 31.08.2013 mittwochs und samstags.;"Inmitten einer wunderschönen Umgebung aus mediterraner Vegetation empfängt Sie der Campingplatz  
„Le  Tamerici“ in Cecina. Der wunderschöne Sand- und Kieselstrand ermöglicht einen Blick auf die vielen Inseln in der Umgebung... Ideal für Mountainbike- und Lauffans.";;
23;en;Italie;;;;;;
23;fr;Italie;8h-11h/15h-20h;13/04/2013-15/09/2013;Du 13/06/2013 au 06/07/2013 et du 31/08/2013 au 15/09/2013, tous les jours sauf le mardi. Du 06/07/2013 au 31/08/2013, le mercredi et le samedi.;Situé au coeur d'un magnifique espace, bordé de végétation méditerranéenne, le camping le Tamerici vous accueille à Cecina. Sa magnifique plage de sable et de galets vous permettra d'admirer de nombreuses îles alentours... Amateurs de VTT, de course à pied, laissez-vous séduire.;;
23;nl;Italie;;;;;;
24;de;Italien;8:00 - 11:00 Uhr/15:00 - 20:00 Uhr;01.05.2013 - 15.09.2013;Vom 01.05.2013 bis zum 06.07.2013 und vom 31.08.2013 bis zum 15.09.2013 täglich außer dienstags. Vom 06.07.2013 bis zum 31.08.2013 mittwochs und samstags.;"Der  Campingplatz „Tenuta Primero“ verfügt über eine ideale Lage für einen erholsamen Traumurlaub an der Adria. Genießen Sie die Badelandschaft, zahlreiche Beautydienste, Freizeitangebote, Abendveranstaltungen und den nahegelegenen Golfplatz ""Grado"".";;
24;en;Italie;;;;;;
24;fr;Italie;8h-11h/15h-20h;01/05/2013-15/09/2013;Du 01/05/2013 au 06/07/2013 et du 31/08/2013 au 15/09/2013, tous les jours sauf le mardi. Du 06/07/2013 au 31/08/2013, le mercredi et le samedi.;Une situation idéale pour ce camping avec un accès direct à la mer Adriatique. Tout est réuni à Tenuta Primero pour passer des vacances de rêve, un vaste espace aquatique, de nombreux services beauté et remise en forme, des animations, des spectacles sans oublier le magnifique golf club Grado tout proche.;;
24;nl;Italie;;;;;;
27;de;Frankreich;8:00 - 11:00 Uhr/15:00 - 20:00 Uhr;01.05.2013 - 29.09.2013;Vom 01.05.2013 bis zum 06.07.2013 und vom 31.08.2013 bis zum 29.09.2013 täglich außer dienstags. Vom 06.07.2013 bis zum 31.08.2013 mittwochs und samstags.;"Im  Süden von Les Landes gelegen und nur ca. 400 m vom 
Strand entfernt, empfängt Sie der Campingplatz „Le Vieux Port“ 
in  einem  30  ha  großen  Pinienwald. Ein Ausflug in das benachbarte 
Spanien ist ebenfalls lohnenswert!";;
27;en;France;;;;;;
27;fr;France;8h-11h/15h-20h;01/05/2013-29/09/2013;Du 01/05/2013 au 06/07/2013 et du 31/08/2013 au 29/09/2013, tous les jours sauf le mardi. Du 06/07/2013 au 31/08/2013, le mercredi et le samedi.;Situé au sud des Landes en bordure de l'océan, à Messanges, à deux pas des Pyrénées et à 1h30 de l'Espagne, le camping Le Vieux Port s'étend sur 30 ha d'une magnifique pinède, à 400 m de la plage.;;
27;nl;France;;;;;;
32;de;Spanien;8:00 - 11:00 Uhr/15:00 - 20:00 Uhr;27.04.2013 - 15.09.2013;Vom 27.04.2013 bis zum 06.07.2013 und vom 31.08.2013 bis zum 15.09.2013 täglich außer dienstags. Vom 06.07.2013 bis zum 31.08.2013 mittwochs und samstags.;"Der Campingplatz „La Masia“ erwartet Sie in der Nähe von Blanes. Genießen Sie die Berge und 
das Meer in der Umgebung des Campingplatzes und nutzen Sie die 
Badelandschaft für Groß und Klein. Dank der Einrichtungen der Anlage  wird ihr Aufenthalt unvergesslich werden!";;
32;en;Espagne;;;;;;
32;fr;Espagne;8h-11h/15h-20h;27/04/2013-15/09/2013;Du 27/04/2013 au 06/07/2013 et du 31/08/2013 au 15/09/2013, tous les jours sauf le mardi. Du 06/07/2013 au 31/08/2013, le mercredi et le samedi.;Bienvenue au Camping La Masia, un camping au sein d'un paysage naturel marin et montagneux, non loin du village de Blanes. Un espace aquatique idéal pour petits et grands vous fera passer de belles vacances. Les installations et les services du camping feront de votre séjour, un souvenir inoubliable !;;
32;nl;Espagne;;;;;;
33;de;Frankreich;8:00 - 11:00 Uhr/15:00 - 20:00 Uhr;27.04.2013 - 08.09.2013;Vom 27.04.2013 bis zum 06.07.2013 und vom 31.08.2013 bis zum 08.09.2013 täglich außer dienstags. Vom 06.07.2013 bis zum 31.08.2013 mittwochs und samstags.;"""Wer träumt nicht von einem Urlaub, den man in vollen Zügen genießen kann? Schwimmbad, Strand, Sport, Freizeitangebote und … Erholung! Dies ist das Angebot des Campingplatzes ""Les Tamaris au Bacarès"", auf dem der Urlaub ganz im Zeichen von Entspannung und Glück steht! Sind Sie dabei ?""";;
33;en;France;;;;;;
33;fr;France;8h-11h/15h-20h;27/04/2013-08/09/2013;Du 27/04/2013 au 06/07/2013 et du 31/08/2013 au 08/09/2013, tous les jours sauf le mardi. Du 06/07/2013 au 31/08/2013, le mercredi et le samedi.;"""Qui n'a jamais rêvé de profiter à fond de ses vacances ? Piscine, plage, sports, animations et ... farniente ! C'est le programme proposé par le camping Les Tamaris au Barcarès, pour des vacances placées sous le signe de la détente et du bonheur! Alors, partant ?""";;
33;nl;France;;;;;;
35;de;Italien;8:00 - 11:00 Uhr/15:00 - 20:00 Uhr;12.04.2013 - 29.09.2013;Vom 12.04.2013 bis zum 06.07.2013 und vom 31.08.2013 bis zum 29.09.2013 täglich außer dienstags. Vom 06.07.2013 bis zum 31.08.2013 mittwochs und samstags.;"Dank seiner Lage direkt an der Adria-Küste und nur ca. 50 km von Venedig 
entfernt gelegen, wird Sie der Campingplatz „Grande Italia“ begeistern. Genießen sie die neue Badelandschaft und den Komfort der Anlage. Dieser besondere Urlaub wird  unvergesslich werden!  ";;
35;en;Italie;;;;;;
35;fr;Italie;8h-11h/15h-20h;12/04/2013-29/09/2013;Du 12/04/2013 au 06/07/2013 et du 31/08/2013 au 29/09/2013, tous les jours sauf le mardi. Du 06/07/2013 au 31/08/2013, le mercredi et le samedi.;Grâce à son accès direct à la mer Adriatique et sa situation idéale pour découvrir Venise, le camping Grande Italia vous ravira. Profitez de son tout nouvel espace aquatique et de son confort pour passer des vacances inoubliables et dépaysantes !;;
35;nl;Italie;;;;;;
105;de;Frankreich;;;;"Auf dem Campingplatz „Le Mas“ erleben Sie einen Urlaub der 
besonderen  Art im Zeichen von Entspannung und Kultur.  Auf  einem  Hügel  gelegen  und  umgeben  von 
wunderschöner Natur, befinden sich ein Schwimmbad, ein Sportplatz und ein Spielplatz";;
105;en;France;;;;;;
105;fr;France;;;;Logé sur une colline dominant plusieurs vallées (entre les Eyzies et Sarlat), le camping le Mas vous invite à passer un séjour sous le signe de la détente et de la culture. Dans un agréable cadre de verdure, vous trouverez piscine, terrain de sport, aire de jeux.;;
105;nl;France;;;;;;
106;de;Frankreich;8:00 - 11:00 Uhr/15:00 - 20:00 Uhr;12.04.2013 - 22.09.2013;Vom 12.04.2013 bis zum 06.07.2013 und vom 31.08.2013 bis zum 22.09.2013 täglich außer dienstags. Vom 06.07.2013 bis zum 31.08.2013 mittwochs und samstags.;"Ideal  gelegen in Torreilles,  nur  wenige  hundert  Meter  vom  Strand  entfernt,  empfängt  Sie  der Campingplatz „Le Calypso“ in einem familiären Ambiente. Léo – die Schnecke, 
das  Campingplatz-Maskottchen,  versteht  es,  bei  jungen  Gästen  für  Spaß  zu  
sorgen. Außerdem werden neben einer wunderschönen Badelandschaft zahlreiche 
sportliche Aktivitäten und Themenabende geboten.";;
106;en;France;;;;;;
106;fr;France;8h-11h/15h-20h;12/04/2013-22/09/2013;Du 12/04/2013 au 06/07/2013 et du 31/08/2013 au 22/09/2013, tous les jours sauf le mardi. Du 06/07/2013 au 31/08/2013, le mercredi et le samedi.;Idéalement situé à  Torreilles, à seulement quelques centaines de mètres de la plage, Le Calypso vous accueille dans une ambiance familiale. Léo l'escargot, la mascotte du camping saura ravir les plus petits, les plus grands pourront profiter des multiples activités sportives, et des soirées à thèmes.;;
106;nl;France;;;;;;
119;de;Frankreich;8:00 - 11:00 Uhr/15:00 - 20:00 Uhr;06.04.2013 - 29.09.2013;Vom 06.04.2013 bis zum 06.07.2013 und vom 24.08.2013 bis zum 09.09.2013 täglich. Vom 06.07.2013 bis zum 24.08.2013 samstags.;"Entspannen  Sie  sich  bei  Ihrem  Urlaub  auf  dem  idyllischen und friedlichen Camping-
platz  „L’ile  du  Rhin“ in Biesheim auf der Rheininsel, zwischen Colmar und Freiburg gelegen. Es erwarten Sie Spaziergänge am Flussufer des Rheins, Bootstouren oder Wanderungen, wodurch das fehlende Schwimmbad kaum auffällt! ";;
119;en;France;;;;;;
119;fr;France;8h-10h/17h-20h;06/04/2013-29/09/2013;Du 06/04/2013 au 06/07/2013 et du 24/08/2013 au 09/09/2013, tous les jours. Du 06/07/2013 au 24/08/2013 le samedi.;Tout près de la frontière allemande à Biesheim, entre Colmar et Freiburg, profitez du cadre idyllique et paisible du camping l'Ile du Rhin. Optez pour une balade sur les berges du Rhin, une escapade en bateau ou une randonnée, ce qui vous fera aisément oublier l'absence de piscine !;;
119;nl;France;;;;;;
125;de;Frankreich;8:00 - 11:00 Uhr/15:00 - 20:00 Uhr;06.04.2013 - 29.09.2013;Vom 06.04.2013 bis zum 06.07.2013 und vom 31.08.2013 bis zum 29.09.2013 täglich. Vom 06.07.2013 bis zum 31.08.2013 samstags.;"Zwischen  Sète  und  Marseillan  liegt  der  Campingplatz  „Le  Castellas“.   Genießen  Sie  die  vielzähligen  Sport-
möglichkeiten und Abendveranstaltungen, aber auch die schöne Badelandschaft … Kommen Sie mit der Familie oder Freunden zum Campingplatz „Le  Castellas“!";;
125;en;France;;;;;;
125;fr;France;8h-10h/17-20h;06/04/2013-29/09/2013;Du 06/04/2013 au 06/07/2013 et du 31/08/2013 au 29/09/2013, tous les jours. Du 06/07/2013 au 31/08/2013, le samedi.;Tout sera réuni pour des vacances de rêve : une situation idéale entre Sète et Marseillan, des activités sportives, des animations, mais aussi de la détente et un bel espace aquatique... Retrouvez-vous en famille ou entre amis au camping le Castellas !;;
125;nl;France;;;;;;
133;de;Frankreich;8:00 - 11:00 Uhr/15:00 - 20:00 Uhr;06.04.2013 - 29.09.2013;Vom 06.04.2013 bis zum 06.07.2013 und vom 24.08.2013 bis zum 29.09.2013 täglich. Vom 06.07.2013 bis zum 24.08.2013 samstags.;"Der Campingplatz „Les Lupins“ erwartet Sie auf einer Fläche von 4 ha mit herrlicher Südlage 
– ideal für eine Erkundung der faszinierenden Natur der Elsassregion in Seppois-le Bas. ";;
133;en;France;;;;;;
133;fr;France;8h-10h-17h-20h;06/04/2013-29/09/2013;Du 06/04/2013 au 06/07/2013 et du 24/08/2013 au 29/09/2013, tous les jours. Du 06/07/2013 au 24/08/2013, le samedi. ;Le camping Les Lupins vous accueille sur un domaine de 4 ha exposé plein sud pour profiter de la nature surprenante de la région d'Alsace où se situe le village de Seppois-le Bas. ;;
133;nl;France;;;;;;
135;de;Frankreich;8:00 - 11:00 Uhr/15:00 - 20:00 Uhr;27.04.2013 - 29.09.2013;Vom 27.04.2013 bis zum 06.07.2013 und vom 24.08.2013 bis zum 29.09.2013 täglich. Vom 06.07.2013 bis zum 24.08.2013 samstags.;"Der  Campingplatz „Le  Parc  de  la  Fecht“ liegt  nicht  weit  vom 
Stadtzentrum von Munster entfernt, wo Sie den berühmten Käse probieren können. Auf dem schönen Waldge-
lände sorgt eine ruhige und freundschaftliche Atmosphäre für 
wunderschöne Ferien. ";;
135;en;France;;;;;;
135;fr;France;8h-10h-17h-20h;27/04/2013-29/09/2013;Du 27/04/2013 au 06/07/2013 et du 24/08/2013 au 29/09/2013, tous les jours. Du 06/07/2013 au 24/08/2013, le samedi. ;L'ambiance conviviale et détendue du camping du Parc de la Fecht vous attend pour passer des vacances en toute sérénité. Vous pourrez également déguster le fromage de Munster, ville située à proximité du camping.;;
135;nl;France;;;;;;
147;de;Frankreich;8:00 - 11:00 Uhr/15:00 - 20:00 Uhr;13.04.2013 - 20.09.2013;Vom 13.04.2013 bis zum 06.07.2013 und vom 31.08.2013 bis zum 20.09.2013 täglich außer dienstags. Vom 06.07.2013 bis zum 31.08.2013 mittwochs und samstags.;"Das Campingdorf 
„Mar i Sol“ in Torreilles, im Herzen von Languedoc-Roussillon, bietet Ihnen einen direkten Meerzugang, eine Umgebung voller Überraschungen und eine einzigartige Badelandschaft. ";;
147;en;France;;;;;;
147;fr;France;8h-11h/15h-20h;13/04/2013-20/09/2013;Du 13/04/2013 au 06/07/2013 et du 31/08/2013 au 20/09/2013, tous les jours sauf le mardi. Du 06/07/2013 au 31/08/2013, le mercredi et le samedi.;Ce véritable village camping de Torreilles, au cœur du Languedoc Roussillon, vous attend ! Un accès direct à la mer, une région pleine de surprises et un espace aquatique à couper le souffle… plongez, vous êtes bien au Mar i Sol !;;
147;nl;France;;;;;;
150;de;Spanien;8:00 - 11:00 Uhr/15:00 - 20:00 Uhr;11.05.2013 - 21.09.2013;Vom 11.05.2013 bis zum 06.07.2013 und vom 31.08.2013 bis zum 21.09.2013 täglich außer dienstags. Vom 06.07.2013 bis zum 31.08.2013 mittwochs und samstags.;"Der in der Nähe des Badeortes Rosas und der mittelalterlichen Stadt Castello d'Empuries gelegene Campingplatz „Castell Mar“ bietet Ihnen ein Umfeld voller paradiesischer Ruhe. Es erwartet Sie ein entspannter und erholsamer 
Urlaub in einem Naturschutzgebiet mit Zugang zum Strand des Golfs von Rosas in 700 m Entfernung.";;
150;en;Espagne;;;;;;
150;fr;Espagne;8h-11h/15h-20h;11/05/2013-21/09/2013;Du 11/05/2013 au 06/07/2013 et du 31/08/2013 au 21/09/2013, tous les jours sauf le mardi. Du 06/07/2013 au 31/08/2013, le mercredi et le samedi.;Situé à proximité de la cité balnéaire Rosas et à côté de la ville de Castello d'Empuries dont les origines datent du Moyen Age. Le camping Castell Mar vous propose au sein d'une réserve naturelle, un séjour de repos paradisiaque, une tranquillité imperturbable et un accès à la plage du Golfe des Roses (700 m).;;
150;nl;Espagne;;;;;;
152;de;Frankreich;8:00 - 11:00 Uhr/15:00 - 20:00 Uhr;24.04.2013 - 12.10.2013;Vom 24.04.2013 bis zum 06.07.2013 und vom 31.08.2013 bis zum 12.10.2013 täglich außer dienstags. Vom 06.07.2013 bis zum 31.08.2013 mittwochs und samstags.;Der Campingplatz „Le Ranch“, ein echter Ort der Ruhe, des Friedens und der Erholung, empfängt Sie mitten in einer Grünanlage. Die Lage ist ideal, um die Umgebung zu erkunden und schnell zu den Stränden von Cannes zu gelangen.  ;;
152;en;France;;;;;;
152;fr;France;8h-11h/15h-20h;24/04/2013-12/10/2013;Du 24/04/2013 au 06/07/2013 et du 31/08/2013 au 12/10/2013, tous les jours sauf le mardi. Du 06/07/2013 au 31/08/2013, le mercredi et le samedi.;Le Ranch, ce véritable havre de paix, calme et reposant, vous accueille au sein d’un bel écrin de verdure. La situation idéale de ce camping vous permettra de visiter la région et d’accéder facilement aux plages de Cannes.;;
152;nl;France;;;;;;
157;de;Italien;8:00 - 11:00 Uhr/15:00 - 20:00 Uhr;16.05.2013 - 22.09.2013;Vom 16.05.2013 bis zum 06.07.2013 und vom 31.08.2013 bis zum 22.09.2013 täglich außer dienstags. Vom 06.07.2013 bis zum 31.08.2013 mittwochs und samstags.;Der wunderschöne Campingplatz  „Tahiti Club“ bietet Ihnen einen komfortablen Urlaub an der Adriaküste. Sie werden begeistert sein von der Qualität des Campingplatzes: Wohlfühlbereich, Badelandschaft, Abendveranstaltungen …;;
157;en;Italie;;;;;;
157;fr;Italie;8h-11h/15h-20h;16/05/2013-22/09/2013;Du 16/05/2013 au 06/07/2013 et du 31/08/2013 au 22/09/2013, tous les jours sauf le mardi. Du 06/07/2013 au 31/08/2013, le mercredi et le samedi.;Ce magnifique camping Tahiti Club, tout confort vous propose des vacances en bord de mer Adriatique. Vous serez surpris par les prestations de qualité de ce camping : espace bien être, espace aquatique, animations…;;
157;nl;Italie;;;;;;
166;de;Frankreich;8:00 - 11:00 Uhr/15:00 - 20:00 Uhr;20.04.2013 - 15.09.2013;Vom 20.04.2013 bis zum 06.07.2013 und vom 31.08.2013 bis zum 15.09.2013 täglich außer dienstags. Vom 06.07.2013 bis zum 31.08.2013 mittwochs und samstags.;"Ideal für einen erholsamen Urlaub, liegt der Campingplatz  
„Cayola à Vias“ nur etwa 400 m vom Strand entfernt. Besichtigen  
Sie die wunderschöne Umgebung von Vias Plage und genießen 
Sie  die  Vielfalt  der  Natur,  die  Sonne  des  Mittelmeers  und  die  
einzigartige Küstenlandschaft.";;
166;en;France;;;;;;
166;fr;France;8h-11h/15h-20h;20/04/2013-15/09/2013;Du 20/04/2013 au 06/07/2013 et du 31/08/2013 au 15/09/2013, tous les jours sauf le mardi. Du 06/07/2013 au 31/08/2013, le mercredi et le samedi.;Venez vous ressourcer en profitant du camping Cayola à Vias. Situé à 400 m de la plage, plongez dans la grande bleue et laissez vous charmer par un arrière pays vous offrant une diversité de paysages et une nature sauvage.;;
166;nl;France;;;;;;
169;de;Frankreich;8:00 - 11:00 Uhr/15:00 - 20:00 Uhr;04.05.2013 - 21.09.2013;Vom 04.05.2013 bis zum 06.07.2013 und vom 31.08.2013 bis zum 21.09.2013 täglich außer dienstags. Vom 06.07.2013 bis zum 31.08.2013 mittwochs und samstags.;"Direkt am Strand gelegen, empfängt Sie der Campingplatz 
„Le  Cala  Gogo“  unweit  von  Saint  Cyprien. Entdecken  Sie  die  einzigartige  Badeland-
schaft, die Tennisplätze, das Gourmet-Restaurant und die Bar, die 
abends zum Tanzen und Verweilen einlädt.";;
169;en;France;;;;;;
169;fr;France;8h-11h/15h-20h;04/05/2013-21/09/2013;Du 04/05/2013 au 06/07/2013 et du 31/08/2013 au 21/09/2013, tous les jours sauf le mardi. Du 06/07/2013 au 31/08/2013, le mercredi et le samedi.;Au bord d'une plage, le camping Cala Gogo de saint Cyprien est une merveille de village de vacances. Rien ne manque entre ses deux courts de tennis, son restaurant gourmet et sa piscine californienne, au bord de laquelle un bar dancing vous garantit des soirées endiablées.;;
169;nl;France;;;;;;
174;de;Frankreich;8:00 - 11:00 Uhr/15:00 - 20:00 Uhr;12.04.2013 - 15.09.2013;Vom 12.04.2013 bis zum 06.07.2013 und vom 31.08.2013 bis zum 15.09.2013 täglich außer dienstags. Vom 06.07.2013 bis zum 31.08.2013 mittwochs und samstags.;"An der Südküste der Halbinsel Quiberon gelegen und nur
etwa 20 Meter vom Strand entfernt, erwartet Sie auf dem
Campingplatz „Le Conguel“ ein Urlaub mit viel Kultur und
Entspannung. Entdecken Sie die schöne Region Bretagne und 
verleben Sie erholsame Stunden in der wunderschönen Bade-
landschaft der Anlage.";;
174;en;France;;;;;;
174;fr;France;8h-11h/15h-20h;12/04/2013-15/09/2013;Du 12/04/2013 au 06/07/2013 et du 31/08/2013 au 15/09/2013, tous les jours sauf le mardi. Du 06/07/2013 au 31/08/2013, le mercredi et le samedi.;Situé à 20 mètres de la plage, à la pointe de la presqu'île de Quiberon, le camping Le Conguel vous permettra de passer des vacances détente et culturelles. Entre visites bretonnes et farniente au bord de la piscine, passez un séjour inoubliable.;;
174;nl;France;;;;;;
176;de;Frankreich;8:00 - 11:00 Uhr/15:00 - 20:00 Uhr;17.05.2013 - 15.09.2013;Vom 17.05.2013 bis zum 06.07.2013 und vom 31.08.2013 bis zum 15.09.2013 täglich außer dienstags. Vom 06.07.2013 bis zum 31.08.2013 mittwochs und samstags.;"Eingebettet in einen 20 ha großen Pinienwald liegt der Cam-
pingplatz „La Côte d‘Argent“, nur etwa 300 m vom Dünenstrand 
Entfernt, in Hourtin. Die Campinganlage bietet Ihnen eine wunderschöne 
Badelandschaft auf 3500 qm mit 3 Schwimmbecken, einer gro-
ßen Wasserrutsche und einer Spielinsel für die Kleinen.";;
176;en;France;;;;;;
176;fr;France;8h-11h/15h-20h;17/05/2013-15/09/2013;Du 17/05/2013 au 06/07/2013 et du 31/08/2013 au 15/09/2013, tous les jours sauf le mardi. Du 06/07/2013 au 31/08/2013, le mercredi et le samedi.;A 300 m de la plage, le camping de la Côte d'Argent s'étend sur 20 ha, à l'abri d'une forêt de pins, à Hourtin. Sur ce site de caractère, protégé par les dunes, vous trouverez notamment un bel ensemble aquatique de 3500 m², comportant trois bassins, des toboggans et une île aux enfants.;;
176;nl;France;;;;;;
180;de;Frankreich;8:00 - 11:00 Uhr/15:00 - 20:00 Uhr;19.04.2013 - 15.09.2013;Vom 19.04.2013 bis zum 06.07.2013 und vom 31.08.2013 bis zum 15.09.2013 täglich außer dienstags. Vom 06.07.2013 bis zum 31.08.2013 mittwochs und samstags.;"Direkt am Strand befindet sich unser Campingplatz „Le Petit Mousse“ in Vias Plage. Die wunderschöne Badelandschaft 
mit Schwimmbecken und Wasserrutschen lässt keine Wünsche offen. 
Genießen Sie den Sonnenauf- und Sonnenuntergang am Horizont!";;
180;en;France;;;;;;
180;fr;France;8h-11h/15h-20h;19/04/2013-15/09/2013;Du 19/04/2013 au 06/07/2013 et du 31/08/2013 au 15/09/2013, tous les jours sauf le mardi. Du 06/07/2013 au 31/08/2013, le mercredi et le samedi.;En bordure de plage, à Vias Plage, des vacances les pieds dans l'eau au Petit Mousse ! Vous aurez le plaisir d'admirer le lever du jour et le coucher du soleil sur la grande bleue. Le camping dispose d'un bel espace piscine avec toboggan aquatique.;;
180;nl;France;;;;;;
186;de;Frankreich;8:00 - 11:00 Uhr/15:00 - 20:00 Uhr;27.03.2013 - 29.09.2013;Vom 27.03.2013 bis zum 06.07.2013 und vom 31.08.2013 bis zum 29.09.2013 täglich außer dienstags. Vom 06.07.2013 bis zum 31.08.2013 mittwochs und samstags.;"Auf dem Campingplatz „Domaine de Kermario“ erwartet Sie ein 
familiäres Ambiente in ländlicher Umgebung. Er liegt in direkter 
Nähe der berühmten Megalithalleen von Carnac. Besuchen Sie 
auch den feinen Sandstrand von Carnac und den berühmten
Jachthafen von La Trinité-sur-Mer in jeweils ca. 4 km Entfernung.";;
186;en;France;;;;;;
186;fr;France;8h-11h/15h-20h;27/03/2013-29/09/2013;Du 27/03/2013 au 06/07/2013 et du 31/08/2013 au 29/09/2013, tous les jours sauf le mardi. Du 06/07/2013 au 31/08/2013, le mercredi et le samedi.;Le Domaine de Kermario est situé juste à côté des plus célèbres alignements de menhirs de Carnac. Vous séjournerez dans un camping familial, dans un joli cadre champêtre. Les plages de Carnac et le port de la Trinité sont à 4 km.;;
186;nl;France;;;;;;
189;de;Frankreich;8:00 - 11:00 Uhr/15:00 - 20:00 Uhr;29.03.2013 - 12.10.2013;Vom 29.03.2013 bis zum 06.07.2013 und vom 31.08.2013 bis zum 12.10.2013 täglich außer dienstags. Vom 06.07.2013 bis zum 31.08.2013 mittwochs und samstags.;"Genießen Sie Ihren Urlaub auf dem Campingplatz „Domaine des Naïades“, der nicht weit vom berühmten  
Golf von Saint-Tropez entfernt ist. Es erwarten Sie eine familiäre Atmosphäre und ein „olympisches“ Schwimmbad. Ein erholsamer zum richtigen Zeitpunkt! Vom 10. bis 13. Mai gibt es ein Harley-Davidson-Treffen am Golf. ";;
189;en;France;;;;;;
189;fr;France;8h-11h/15h-20h;29/03/2013-12/10/2013;Du 29/03/2013 au 06/07/2013 et du 31/08/2013 au 12/10/2013, tous les jours sauf le mardi. Du 06/07/2013 au 31/08/2013, le mercredi et le samedi.;Coup de coeur pour le camping Domaine des Naïades, merveilleusement bien situé au sein d'un des plus célèbres golfe du monde : le golfe de St Tropez. Ne manquez pas son ambiance conviviale, sa piscine olympique et sa situation privilégiée. Des vacances bonheur et détente au rendez-vous ! Rassemblement de Harley Davidson dans le golfe (du 10 au 13 mai);;
189;nl;France;;;;;;
193;de;Frankreich;8:00 - 11:00 Uhr/15:00 - 20:00 Uhr;12.04.2013 - 15.09.2013;Vom 12.04.2013 bis zum 06.07.2013 und vom 31.08.2013 bis zum 15.09.2013 täglich außer dienstags. Vom 06.07.2013 bis zum 31.08.2013 mittwochs und samstags.;Direkt am Strand gelegen, ist der Campingplatz „Les  Dunes“ die ideale Wahl für einen Entspannungsurlaub an der Mittelmeerküste von Torreilles. ;;
193;en;France;;;;;;
193;fr;France;8h-11h/15h-20h;12/04/2013-15/09/2013;Du 12/04/2013 au 06/07/2013 et du 31/08/2013 au 15/09/2013, tous les jours sauf le mardi. Du 06/07/2013 au 31/08/2013, le mercredi et le samedi.;"Avec son accès direct à la plage, le camping Les Dunes est le cadre idéal pour des vacances ""relax"" sur la Méditerranée, à Torreilles.";;
193;nl;France;;;;;;
197;de;Frankreich;8:00 - 11:00 Uhr/15:00 - 20:00 Uhr;12.04.2013 - 29.09.2013;Vom 12.04.2013 bis zum 06.07.2013 und vom 31.08.2013 bis zum 29.09.2013 täglich außer dienstags. Vom 06.07.2013 bis zum 31.08.2013 mittwochs und samstags.;"Der  Campingplatz  „Le  Fanal“ von Isigny-sur-Mer  befindet  sich  im  Herzen  des  
regionalen  Naturparks  „Marais  du  Cotentin  et  du  Bessin“  und lädt Sie zu einem „grünen“ und  „blauen“  Urlaub zwischen der grünen Normandie und den Seen ein.";;
197;en;France;;;;;;
197;fr;France;8h-11h/15h-20h;12/04/2013-29/09/2013;Du 12/04/2013 au 06/07/2013 et du 31/08/2013 au 29/09/2013, tous les jours sauf le mardi. Du 06/07/2013 au 31/08/2013, le mercredi et le samedi.;"Le camping Le Fanal d'Isigny-sur-Mer, se situe au coeur du parc naturel des marais du Cotentin et du Bessin, et vous invite à pratiquer des vacances ""vertes"" et ""bleues"" entre campagne normande et lac.";;
197;nl;France;;;;;;
200;de;Frankreich;8:00 - 11:00 Uhr/15:00 - 20:00 Uhr;18.05.2013 - 21.09.2013;Vom 18.05.2013 bis zum 06.07.2013 und vom 31.08.2013 bis zum 21.09.2013 täglich außer dienstags. Vom 06.07.2013 bis zum 31.08.2013 mittwochs und samstags.;"Im  Campingplatz „Les Frenes“ wird alles getan, damit Jung und Alt eine gute Zeit verbringen. In der Anlage und der Umgebung werden ganztätig diverse Aktivitäten angeboten.
Entdecken Sie Antibes und die Städte in der Nähe, wie z. B. Juan-Les-Pins.";;
200;en;France;;;;;;
200;fr;France;8h-11h/15h-20h;18/05/2013-21/09/2013;Du 18/05/2013 au 06/07/2013 et du 31/08/2013 au 21/09/2013, tous les jours sauf le mardi. Du 06/07/2013 au 31/08/2013, le mercredi et le samedi.;Tout est réuni pour que petits, moyens et grands passent un agréable moment. Dans le camping Les Frênes et aux alentours, vous trouverez de nombreuses activités et animations, à faire tout au long de la journée. N'attendez plus, découvrez Antibes et ses magnifiques environs, sans oublier Juan-Les-Pins.;;
200;nl;France;;;;;;
201;de;Frankreich;8:00 - 11:00 Uhr/15:00 - 20:00 Uhr;12.04.2013 - 29.09.2013;Vom 12.04.2013 bis zum 06.07.2013 und vom 31.08.2013 bis zum 29.09.2013 täglich außer dienstags. Vom 06.07.2013 bis zum 31.08.2013 mittwochs und samstags.;"Der Camping-Club „Front de Mer“ heißt Sie herzlich willkommen an der schönen Côte 
Vermeille, nur ca. 200 m vom Strand und dem Hafen von Argelès-sur-Mer entfernt. Eine familienfreundliche Atmosphäre, eine wunderschöne Badelandschaft, Erholung: Hier sind alle Voraussetzungen für einen gelungenen und zauberhaften Urlaub gegeben. ";;
201;en;France;;;;;;
201;fr;France;8h-11h/15h-20h;12/04/2013-29/09/2013;Du 12/04/2013 au 06/07/2013 et du 31/08/2013 au 29/09/2013, tous les jours sauf le mardi. Du 06/07/2013 au 31/08/2013, le mercredi et le samedi.;Bienvenue au camping le Front de Mer, dans cette belle région qu'est la côte Vermeille, situé à 200 m de la plage et du port d'Argelès-sur-Mer. Ambiance familiale, parc aquatique, détente : ici tout est réuni pour des vacances réussies et magiques.;;
201;nl;France;;;;;;
203;de;Frankreich;8:00 - 11:00 Uhr/15:00 - 20:00 Uhr;12.04.2013 - 15.09.2013;Vom 12.04.2013 bis zum 06.07.2013 und vom 31.08.2013 bis zum 15.09.2013 täglich außer dienstags. Vom 06.07.2013 bis zum 31.08.2013 mittwochs und samstags.;Schöpfen Sie Kraft mitten im Grünen in Roums. Egal, ob Familienurlaub oder Urlaub mit Freunden, die Campinganlage  „Grand‘Terre“ ist wie für Sie gemacht dank der Badelandschaft, den Freizeitmöglichkeiten und der Abendveranstaltungen, aber auch der Momente der Entspannung.;;
203;en;France;;;;;;
203;fr;France;8h-11h/15h-20h;12/04/2013-15/09/2013;Du 12/04/2013 au 06/07/2013 et du 31/08/2013 au 15/09/2013, tous les jours sauf le mardi. Du 06/07/2013 au 31/08/2013, le mercredi et le samedi.;Venez vous ressourcer en pleine nature, au milieu des senteurs, à Ruoms. De l'espace aquatique, en passant par les activités et les animations, sans oublier de bons moments de détente, pour des vacances en famille ou entre amis, le camping Grand'Terre est fait pour vous.;;
203;nl;France;;;;;;
209;de;Spanien;8:00 - 11:00 Uhr/15:00 - 20:00 Uhr;12.04.2013 - 30.09.2013;Vom 12.04.2013 bis zum 06.07.2013 und vom 31.08.2013 bis zum 30.09.2013 täglich außer dienstags. Vom 06.07.2013 bis zum 31.08.2013 mittwochs und samstags.;"Die Strände und die malerischen Felsbuchten nahe des Campingplatzes  „Internacional  de  Calonge“  an  der  Costa  Brava  sind  
mit der blauen Flagge „Le Pavillon Bleu“ ausgezeichnet. Dieser 
Campingplatz mit einem direkten Zugang zum Meer (200 m)  bietet  Ihnen  den  
gewünschten Komfort und Service, um einen unvergesslichen 
Urlaub zu verbringen.";;
209;en;Espagne;;;;;;
209;fr;Espagne;8h-11h/15h-20h;12/04/2013-30/09/2013;Du 12/04/2013 au 06/07/2013 et du 31/08/2013 au 30/09/2013, tous les jours sauf le mardi. Du 06/07/2013 au 31/08/2013, le mercredi et le samedi.;"Situé sur la Costa Brava, le camping Internacional de Calonge vous offre un accès direct à la mer (200 m). Ses plages et ses criques pittoresques sont distinguées par le ""pavillon bleu"". Ce camping fort animé propose tous les équipements et services qui sauront rendre vos vacances inoubliables.";;
209;nl;Espagne;;;;;;
222;de;Italien;8:00 - 11:00 Uhr/15:00 - 20:00 Uhr;20.04.2013 - 15.09.2013;Vom 20.04.2013 bis zum 06.07.2013 und vom 31.08.2013 bis zum 15.09.2013 täglich außer dienstags. Vom 06.07.2013 bis zum 31.08.2013 mittwochs und samstags.;"Urlaub auf dem Campingplatz „Mare e Pineta“ bedeutet Komfort, Wohlbefinden und Kontakt mit der Natur. Es stehen Ihnen zahlreiche Annehmlichkeiten wie z.B. Unterhaltung für Kinder und Erwachsene, Tanzabende und viele sportliche Aktivitäten zur Verfügung. 
Erleben Sie das Flair an der italienischen Adria in Lido di Spina.";;
222;en;Italie;;;;;;
222;fr;Italie;8h-11h/15h-20h;20/04/2013-15/09/2013;Du 20/04/2013 au 06/07/2013 et du 31/08/2013 au 15/09/2013, tous les jours sauf le mardi. Du 06/07/2013 au 31/08/2013, le mercredi et le samedi.;Des vacances au camping Mare e Pineta sous le signe du confort, du bien-être et du contact avec la nature. Nombreux services sont à disposition : animations pour les enfants et les adultes, soirées dansantes et divertissements. Rendez-vous à Lido di Spina !;;
222;nl;Italie;;;;;;
223;de;Frankreich;8:00 - 11:00 Uhr/15:00 - 20:00 Uhr;13.04.2013 - 22.09.2013;Vom 13.04.2013 bis zum 06.07.2013 und vom 31.08.2013 bis zum 22.09.2013 täglich außer dienstags. Vom 06.07.2013 bis zum 31.08.2013 mittwochs und samstags.;"Direkt  am  Atlantischen  Ozean  gelegen,  verbringen  Sie  Ihren  
Urlaub  im  Herzen  der  Natur.  Genießen  Sie  mit  Ihrer  Familie 
oder Ihren Freunden im Schatten der Pinienbäume die zahlreichen Sportaktivitäten des Campingplatzes „Sandaya Soulac Plage“ in Saint Georges d'Oleron, der Ihnen jeglichen  
Komfort und Service bietet.";;
223;en;France;;;;;;
223;fr;France;8h-11h/15h-20h;13/04/2013-22/09/2013;Du 13/04/2013 au 06/07/2013 et du 31/08/2013 au 22/09/2013, tous les jours sauf le mardi. Du 06/07/2013 au 31/08/2013, le mercredi et le samedi.;En bordure de l'océan Atlantique, passez des vacances au coeur de la nature et à l'ombre des pins à Saint Georges d'Oléron. En famille ou entre amis, profitez de l'accès direct à la mer du camping Sandaya Soulac Plage, tout confort.;;
223;nl;France;;;;;;
224;de;Frankreich;;;;"Im Herzen der Camargue gelegen und nicht weit vom größten Strand Europas, dem 
„Plage Espiguette“, entfernt, lädt Sie der Campingplatz „La Marine“ zu einem erholsamen Urlaub ein. Es erwarten Sie viele sportliche Aktivitäten, eine Badelandschaft, Ausflugsmöglichkeiten  in eine 
faszinierende Umgebung, wie z. B. in die schöne Camargue, und ganz viel Entspannung.";;
224;en;France;;;;;;
224;fr;France;;;;Au coeur de la Camargue, au grau-du-Roi, et situé sur la route de la plage de l'Espiguette, la plus grande plage d'Europe (navette), le camping la Marine vous invite à la détente autour de son espace piscine. Activités sportives, aquatiques, découverte de la Camargue et détente-relaxation seront au rendez-vous.;;
224;nl;France;;;;;;
226;de;Italien;8:00 - 11:00 Uhr/15:00 - 20:00 Uhr;20.04.2013 - 08.09.2013;Vom 20.04.2013 bis zum 06.07.2013 und vom 31.08.2013 bis zum 08.09.2013 täglich außer dienstags. Vom 06.07.2013 bis zum 31.08.2013 mittwochs und samstags.;"Nur etwa 500 m vom Meer entfernt, liegt der Campingplatz  
„Le Marze“, ein Ort für entspannte und erholsame Ferien. Die  
familiäre Atmosphäre und die zahlreichen Ausflugsmöglichkeiten laden zum Verweilen ein. Wie wäre es zum Beispiel mit 
einem Ausflug nach Rom, Florenz oder Pisa? Um noch mehr Komfort zu garantieren, gibt es einen separaten Parkplatz.";;
226;en;Italie;;;;;;
226;fr;Italie;8h-11h/15h-20h;20/04/2013-08/09/2013;Du 20/04/2013 au 06/07/2013 et du 31/08/2013 au 08/09/2013, tous les jours sauf le mardi. Du 06/07/2013 au 31/08/2013, le mercredi et le samedi.;A 500 m de la mer, détente et farniente seront au rendez-vous pour vos vacances. Sa position stratégique, fait du camping le Marze, un camping idéal pour découvrir l'Italie, Rome, Florence, Pise... Pour plus de confort, le stationnement des véhicules est séparé.;;
226;nl;Italie;;;;;;
227;de;Frankreich;8:00 - 11:00 Uhr/15:00 - 20:00 Uhr;27.04.2013 - 15.09.2013;Vom 27.04.2013 bis zum 06.07.2013 und vom 31.08.2013 bis zum 15.09.2013 täglich außer dienstags. Vom 06.07.2013 bis zum 31.08.2013 mittwochs und samstags.;"Ideal gelegen, nur ca. 600 m vom Strand entfernt, erwartet 
Sie die komfortable Campinganlage „La Maïre“ mit einer schönen Badelandschaft. Erholen Sie sich mit Ihrer Familie in Sérignan! ";;
227;en;France;;;;;;
227;fr;France;8h-11h/15h-20h;27/04/2013-15/09/2012;Du 27/04/2013 au 06/07/2013 et du 31/08/2013 au 15/09/2013, tous les jours sauf le mardi. Du 06/07/2013 au 31/08/2013, le mercredi et le samedi.;Pour des vacances familiales et reposantes à Sérignan, n'hésitez plus ! c'est le camping La Maïre qu'il vous faut. La piscine, sa situation privilégiée et la plage à 600 m vous offriront détente et vacances réussies.;;
227;nl;France;;;;;;
233;de;Frankreich;8:00 - 11:00 Uhr/15:00 - 20:00 Uhr;01.05.2013 - 22.09.2013;Vom 01.05.2013 bis zum 06.07.2013 und vom 31.08.2013 bis zum 22.09.2013 täglich außer dienstags. Vom 06.07.2013 bis zum 31.08.2013 mittwochs und samstags.;"Ca. 500 m vom Strand entfernt erwartet Sie in Seignosse
der Campingplatz „Les Oyats“ inmitten eines Kiefernwaldes in 
unberührter Natur. Dank der Badelandschaft von Oyats sowie der kulturellen und sportlichen Aktivitäten (vor allem Surfen) in der Nähe der Anlage werden Sie unvergessliche Momente erleben! ";;
233;en;France;;;;;;
233;fr;France;8h-11h/15h-20h;01/05/2013-22/09/2013;Du 01/05/2013 au 06/07/2013 et du 31/08/2013 au 22/09/2013, tous les jours sauf le mardi. Du 06/07/2013 au 31/08/2013, le mercredi et le samedi.;Le camping les Oyats est un lieu splendide au coeur de la pinède landaise, à Seignosse et à 500 m de la plage. Un véritable retour à la nature pour des vacances mémorables. La piscine des Oyats, les activités sportives (notamment le surf) et culturelles, proposées à proximité du camping, vous feront vivre des moments d'exception !;;
233;nl;France;;;;;;
235;de;Frankreich;8:00 - 11:00 Uhr/15:00 - 20:00 Uhr;06.04.2013 - 29.09.2013;Vom 06.04.2013 bis zum 06.07.2013 und vom 31.08.2013 bis zum 29.09.2013 täglich außer dienstags. Vom 06.07.2013 bis zum 31.08.2013 mittwochs und samstags.;"Rutschenparadies  „Pachacaïd“:Erleben  Sie  die  Wasserfälle, 
überqueren Sie den Mississippi, entdecken Sie den Rio Grande…
all  das  in  unmittelbarer  Nähe  Ihres  Mobilhomes!  Sie träumen davon? Pachacaïd macht es möglich! Sportliche  
Aktivitäten,  Veranstaltungen,  Wassergymnastik,  Fitness  und 
vielfältige Unterhaltungsmöglichkeiten - auf dem Campingplatz 
„Pachacaïd“ kommt garantiert keine Langeweile auf! ";;
235;en;France;;;;;;
235;fr;France;8h-11h/15h-20h;06/04/2013-29/09/2013;Du 06/04/2013 au 06/07/2013 et du 31/08/2013 au 29/09/2013, tous les jours sauf le mardi. Du 06/07/2013 au 31/08/2013, le mercredi et le samedi.;"""Le paradis de la glisse au camping Pachacaïd à La Môle... Profitez des chutes, traversez le Mississipi, voguez sur le Rio Grande... tout cela au pied de votre mobil-home !  Vous en rêviez ? Pachacaïd l'a fait ! A Pachacaïd, il y a toujours une activité qui plaira aux petits comme aux grands : sports, spectacles, aquagym, footing collectif, animations variées. Rythmez vos vacances comme vous l'entendez!""";;
235;nl;France;;;;;;
237;de;Frankreich;8:00 - 11:00 Uhr/15:00 - 20:00 Uhr;06.04.2013 - 22.09.2013;Vom 06.04.2013 bis zum 06.07.2013 und vom 31.08.2013 bis zum 22.09.2013 täglich außer dienstags. Vom 06.07.2013 bis zum 31.08.2013 mittwochs und samstags.;"In einem wunderschön bewaldeten, 16 ha großen, Park und nur ca. 400 m vom 
Strand  entfernt,  bietet  Ihnen  der  Campingplatz  „Le  Palace“  in Soulac-sur-Mer
einen  Aufenthalt  mit  viel  Komfort.  Eine halbüberdachte Badelandschaft mit Rutsche macht die Kleinen glücklich (und auch die Großen!)";;
237;en;France;;;;;;
237;fr;France;8h-11h/15h-20h;06/04/2013-22/09/2013;Du 06/04/2013 au 06/07/2013 et du 31/08/2013 au 22/09/2013, tous les jours sauf le mardi. Du 06/07/2013 au 31/08/2013, le mercredi et le samedi.;Dans un parc boisé de 16 ha à 400 m de la plage, le camping le Palace, situé à Soulac-sur-Mer vous propose un séjour confortable. Piscine semi-couverte, toboggan aquatique feront le bonheur des petits... et des grands !;;
237;nl;France;;;;;;
238;de;Frankreich;8:00 - 11:00 Uhr/15:00 - 20:00 Uhr;12.04.2013 - 29.09.2013;Vom 12.04.2013 bis zum 06.07.2013 und vom 31.08.2013 bis zum 29.09.2013 täglich. Vom 06.07.2013 bis zum 31.08.2013 samstags.;"Der Campingplatz „Palavas Camping“ besticht durch seine direkte Lage an  
einem 450 m langen Sandstrand, dessen Nehrung sich zwischen geschützten Weihern und dem Mittelmeer ausdehnt. Sportliche oder erholsame Aktivitäten für jedes Alter und jeden Geschmack werden Ihnen auf diesem Campingplatz geboten.";;
238;en;France;;;;;;
238;fr;France;8h-11h/15h-20h;12/04/2013-29/09/2013;Du 12/04/2013 au 06/07/2013 et du 31/08/2013 au 29/09/2013, tous les jours. Du 06/07/2013 au 31/08/2013, le mercredi et le samedi.;Le plus bel atout du Palavas Camping est d'être situé sur une plage de 450 m sur le cordon littoral qui s'étire entre étangs protégés et Méditerranée. Activités sportives ou récréatives pour tous les âges et pour tous les goûts vous sont proposées au Palavas Camping.;;
238;nl;France;;;;;;
240;de;Italien;8:00 - 11:00 Uhr/15:00 - 20:00 Uhr;26.04.2013 - 15.09.2013;Vom 26.04.2013 bis zum 06.07.2013 und vom 31.08.2013 bis zum 15.09.2013 täglich außer dienstags. Vom 06.07.2013 bis zum 31.08.2013 mittwochs und samstags.;"Verbringen Sie einen Urlaub im Zeichen der Entspannung auf
dem Campingplatz „Park Albatros“, der Ihnen in San Vincenzo zahlreiche Aktivitäten und vielfältige Sportmöglichkeiten sowie eine fantastische Badelandschaft bietet.";;
240;en;Italie;;;;;;
240;fr;Italie;8h-11h/15h-20h;26/04/2013-15/09/2013;Du 26/04/2013 au 06/07/2013 et du 31/08/2013 au 15/09/2013, tous les jours sauf le mardi. Du 06/07/2013 au 31/08/2013, le mercredi et le samedi.;Des vacances sous le signe de la détente au Park Albatros, à San Vincenzo. Ce camping propose activités, sports et animations. Profitez également du magnifique parc aquatique.;;
240;nl;Italie;;;;;;
244;de;Frankreich;8:00 - 11:00 Uhr/15:00 - 20:00 Uhr;26.04.2013 - 15.09.2013;Vom 26.04.2013 bis zum 06.07.2013 und vom 31.08.2013 bis zum 15.09.2013 täglich außer dienstags. Vom 06.07.2013 bis zum 31.08.2013 mittwochs und samstags.;"Auf den Felsen aus rosa Sandstein des Cap d’Erquy liegt der
Campingplatz „Les Pins“ in einem Pinienwald. Eine Vielzahl an Freizeitaktivitäten in einer 
sehr entspannten Atmosphäre erwarten Sie. Die traumhafte Badelandschaft  dieses  Campingplatzes wird Groß und Klein begeistern.";;
244;en;France;;;;;;
244;fr;France;8h-11h/15h-20h;26/04/2013-15/09/2013;Du 26/04/2013 au 06/07/2013 et du 31/08/2013 au 15/09/2013, tous les jours sauf le mardi. Du 06/07/2013 au 31/08/2013, le mercredi et le samedi.;Sur les falaises de grès du cap d'Erquy, le camping Les Pins s'étend sur un terrain en pente douce dans une agréable pinède. Vous profiterez d'activités toniques dans une ambiance détendue. Un bel espace aquatique ravira petits et grands.;;
244;nl;France;;;;;;
