"10";"1";"de";"Frankreich";"8:00 - 11:00 Uhr/15:00 - 20:00 Uhr";"08.05.2013 - 15.09.2013";"Vom 08.05.2013 bis zum 06.07.2013 und vom 31.08.2013 bis zum 15.09.2013 täglich außer dienstags. Vom 06.07.2013 bis zum 31.08.2013 mittwochs und samstags.";"Der Campingplatz „Les Amiaux“ liegt inmitten eines sich über 16 ha erstreckenden Parks in Saint Jean de Monts, in nur 700 m Meter Entfernung zu einem feinen Sandstrand, wobei sich die Waldrandlage als idealer Rahmen für Ihre Kinder erweist. Genießen Sie Ihre Abende mit Disko-Tanz, Karaoke oder sonstigen Veranstaltungen.";"1";;;;
"104";"6";"de";"Frankreich";"8:00 - 11:00 Uhr/15:00 - 20:00 Uhr";"06.04.2013 - 15.09.2013";"Vom 06.04.2013 bis zum 06.07.2013 und vom 31.08.2013 bis zum 15.09.2013 täglich außer dienstags. Vom 06.07.2013 bis zum 31.08.2013 mittwochs und samstags.";"In einer hübschen Grünanlage gelegen und nur 1 Kilometer vom Strand von Bénodet entfernt, bietet der Campingplatz „Yelloh Village Port de Plaisance“ alles, um Ihren Urlaub so gesellig wie möglich zu gestalten: eine wunderschöne Badelandschaft mit überdachtem Becken für Groß und Klein, anspruchsvolle Serviceleistungen und eine Auswahl an Animationen.";"1";;;;
"106";"7";"de";"Frankreich";"8:00 - 11:00 Uhr/15:00 - 20:00 Uhr";"01.05.2013 - 15.09.2013";"Vom 01.05.2013 bis zum 06.07.2013 und vom 31.08.2013 bis zum 15.09.2013 täglich außer dienstags. Vom 06.07.2013 bis zum 31.08.2013 mittwochs und samstags.";"<p>Nur 35 km s&uuml;dlich von Clermont-Ferrand gelegen ruht der Campingplatz &bdquo;Sunelia La Ribeyre&ldquo; &uuml;ber 10 ha im Naturpark Volcans d&#39;Auvergne. Zahlreiche Fu&szlig;wanderwege lassen Sie direkt vom Campingplatz aus diese zauberhafte Region entdecken. &bdquo;La Ribeyre&ldquo; bietet Ihnen angenehme Stellpl&auml;tze und verschiedenste Sportaktivit&auml;ten.</p>";"1";;;;
"108";"8";"de";"Frankreich";"8:00 - 11:00 Uhr/15:00 - 20:00 Uhr";"25.05.2013 - 08.09.2013";"Vom 25.05.2013 bis zum 06.07.2013 und vom 31.08.2013 bis zum 08.09.2013 täglich außer dienstags. Vom 06.07.2013 bis zum 31.08.2013 mittwochs und samstags.";"Der Campingplatz „Le Roussillonnais“ in Argelès, dem Badeort im Roussillon, bietet Ihnen einen direkten Zugang zum Meer mit feinem Sandstrand und türkisfarbenem Wasser, das sich vom Grün der im Hintergrund liegenden Pyrenäen abhebt. Da kann man gut und gern auf den Swimmingpool verzichten.";"1";;;;
"109";"9";"de";"Frankreich";"8:00 - 11:00 Uhr/15:00 - 20:00 Uhr";"27.04.2013 - 14.09.2013";"Vom 27.04.2013 bis zum 06.07.2013 und vom 31.08.2013 bis zum 14.09.2013 täglich außer dienstags. Vom 06.07.2013 bis zum 31.08.2013 mittwochs und samstags.";"„Les Sables de Cordouan“ und „L'Estanquet“ sind zwei nur 200 m voneinander entfernt liegende Partner-Campingplätze in der Gemeinde La Palmyre-Les Mathes. Sie residieren auf dem Campingplatz „Les Sables de Cordouan“ und können 200 m weiter auf der anderen Straßenseite von der Infrastruktur und der Badelandschaft des Campingplatzes „L'Estanquet“ profitieren.";"1";;;;
"11";"10";"de";"Frankreich";"8:00 - 11:00 Uhr/15:00 - 20:00 Uhr";"01.06.2013 - 15.09.2013";"Vom 01.06.2013 bis zum 06.07.2013 und vom 31.08.2013 bis zum 15.09.2013 täglich außer dienstags. Vom 06.07.2013 bis zum 31.08.2013 mittwochs und samstags.";"<p>Zwischen Parklandschaft und Meer gelegen l&auml;dt der Campingplatz &bdquo;Azu&#39;Rivage&ldquo; Sie zu einem entspannten Urlaub in Azur ein, nicht weit von Teich und Wald in Soustons und keine 10 Kilometer vom Strand entfernt. Das Schwimmbecken des Campingplatzes und die Sportaktivit&auml;ten ganz in der N&auml;he sind das i-T&uuml;pfelchen Ihrer Ferien!</p>";"1";;;;
"111";"12";"de";"Frankreich";"8:00 - 11:00 Uhr/15:00 - 20:00 Uhr";"12.04.2013 - 29.09.2013";"Vom 12.04.2013 bis zum 06.07.2013 und vom 31.08.2013 bis zum 29.09.2013 täglich außer dienstags. Vom 06.07.2013 bis zum 31.08.2013 mittwochs und samstags.";"Der in der Bucht von Cannes eingebettete Campingplatz „Saint Louis“ befindet sich nur 800 m von Pégomas, dem charaktervollen provenzalischen Dorf, entfernt. Der gesamte Campingplatz ist darauf ausgerichtet, Ihren Urlaub so komfortabel und erholsam wie möglich zu gestalten: durch Hecken getrennte und terrassenförmige, auf den Hügeln angeordnete Stellplätze.";"1";;;;
"112";"13";"de";"Frankreich";"8:00 - 11:00 Uhr/15:00 - 20:00 Uhr";"12.04.2013 - 29.09.2013";"Vom 12.04.2013 bis zum 06.07.2013 und vom 31.08.2013 bis zum 29.09.2013 täglich außer dienstags. Vom 06.07.2013 bis zum 31.08.2013 mittwochs und samstags.";"Wasser, Blumen und Wohlgeruch; ein paradiesischer Garten zwischen La Sainte Baume und La Sainte Victoire: der Campingplatz „Domaine de la Sainte Baume“. Nutzen Sie die Animationen für Groß und Klein sowie die weitläufige Badelandschaft. Entspannung und Dolcefarniente heißen Sie in Nans-les-Pins willkommen.";"1";;;;
"113";"14";"de";"Frankreich";"8:00 - 11:00 Uhr/15:00 - 20:00 Uhr";"26.04.2013 - 08.09.2013";"Vom 26.04.2013 bis zum 06.07.2013 und vom 31.08.2013 bis zum 08.09.2013 täglich außer dienstags. Vom 06.07.2013 bis zum 31.08.2013 mittwochs und samstags.";"<p>Erleben Sie Ihren Urlaub in einem nat&uuml;rlichen und familienfreundlichen Rahmen. Genie&szlig;en Sie Animationen am Tag wie am Abend und lassen Sie sich am Nachmittag auf der Gro&szlig;en Liegefl&auml;che am Schwimmbecken des Campingplatzes &bdquo;Le Sainte Marie&ldquo; br&auml;unen.</p>";"1";;;;
"114";"15";"de";"Frankreich";"8:00 - 11:00 Uhr/15:00 - 20:00 Uhr";"01.06.2013 - 08.09.2013";"Vom 01.06.2013 bis zum 06.07.2013 und vom 31.08.2013 bis zum 08.09.2013 täglich außer dienstags. Vom 06.07.2013 bis zum 31.08.2013 mittwochs und samstags.";"<p>Im Herzen des Waldes von M&eacute;zos, im Departement Landes, offenbart sich der Campingplatz &bdquo;Le Sen Yan&ldquo; als ein tropisches Dorf mit anspruchsvoller Campingwirtschaft. Lassen Sie sich durch die &uuml;ppige Vegetation mit Palmen und Bananenb&auml;umen einfach ins Paradies versetzen und genie&szlig;en Sie Ihren Urlaub zwischen Schwimmbecken im Freien und einem ganz neuen Naturbad ... ohne dabei auf Tennis, Minigolf und animierte Abende zu verzichten.</p>";"1";;;;
"116";"16";"de";"Frankreich";"8:00 - 11:00 Uhr/15:00 - 20:00 Uhr";"04.05.2013 - 14.09.2013";"Vom 04.05.2013 bis zum 06.07.2013 und vom 31.08.2013 bis zum 14.09.2013 täglich außer dienstags. Vom 06.07.2013 bis zum 31.08.2013 mittwochs und samstags.";"<p>Kosten Sie den au&szlig;ergew&ouml;hnlichen Rahmen des zwischen dem Alpenmassiv und dem Lac d&#39;Annecy gelegenen Campingplatzes &bdquo;La Ferme de la Serraz&ldquo; aus. Entdecken Sie zahlreiche Sportaktivit&auml;ten oder genie&szlig;en Sie einfach die Sch&ouml;nheit der Landschaft, um sich zu entspannen und auszuruhen.</p>";"1";;;;
"117";"17";"de";"Frankreich";"8:00 - 11:00 Uhr/15:00 - 20:00 Uhr";"13.04.2013 - 22.09.2013";"Vom 13.04.2013 bis zum 06.07.2013 und vom 31.08.2013 bis zum 22.09.2013 täglich außer dienstags. Vom 06.07.2013 bis zum 31.08.2013 mittwochs und samstags.";"<p>Der Campingplatz liegt nur 800 m vom gro&szlig;en, sch&ouml;nen, feinen Sandstrand von Boyardville entfernt. &bdquo;Le Signol&ldquo; bietet einen sehr nat&uuml;rlichen Rahmen in 150 m Entfernung zu Markt, Einkaufsm&ouml;glichkeiten sowie Fischer- und Jachthafen des wundersch&ouml;nen Dorfes Boyardville.</p>";"1";;;;
"12";"20";"de";"Frankreich";"8:00 - 11:00 Uhr/15:00 - 20:00 Uhr";"01.06.2013 - 13.09.2013";"Vom 01.06.2013 bis zum 06.07.2013 und vom 31.08.2013 bis zum 13.09.2013 täglich außer dienstags. Vom 06.07.2013 bis zum 31.08.2013 mittwochs und samstags.";"Zwischen Lac Marin und Mittelmeer bietet der „Bahia Club“ Dolcefarniente, Entspannung, aber auch Animationen, Sportaktivitäten und Abendveranstaltungen an. Ein idealer Campingplatz für die ganze Familie in Le Barcarès mit Traumurlaub-Garantie!";"1";;;;
"120";"21";"de";"Frankreich";"8:00 - 11:00 Uhr/15:00 - 20:00 Uhr";"13.04.2013 - 15.09.2013";"Vom 13.06.2013 bis zum 06.07.2013 und vom 31.08.2013 bis zum 15.09.2013 täglich außer dienstags. Vom 06.07.2013 bis zum 31.08.2013 mittwochs und samstags.";"Der Campingplatz „Les Sources“ liegt mitten im Wald von Wattwiller und lässt Sie in Symbiose mit der Natur zahlreiche Animationen genießen. Ein Schwimmbecken im Freien und ein überdachtes Becken, eine Reitanlage und ein Restaurant mit besten lokalen Spezialitäten stehen zu Ihrer Verfügung.";"1";;;;
"125";"25";"de";"Frankreich";"8:00 - 11:00 Uhr/15:00 - 20:00 Uhr";"27.04.2013 - 15.09.2013";"Vom 27.04.2013 bis zum 06.07.2013 und vom 31.08.2013 bis zum 15.09.2013 täglich außer dienstags. Vom 06.07.2013 bis zum 31.08.2013 mittwochs und samstags.";"<p>Der im S&uuml;den von Bidart gelegene Campingplatz &bdquo;Ur Onea&ldquo; erstreckt sich terrassenf&ouml;rmig &uuml;ber ein 5 ha gro&szlig;es Gel&auml;nde. Sie finden dort ein Schwimmbecken und einen Kinderspielplatz und k&ouml;nnen sich auf dem nur 600 m entfernten feinen Sandstrand entspannen.</p>";"1";;;;
"126";"26";"de";"Frankreich";"8:00 - 11:00 Uhr/15:00 - 20:00 Uhr";"01.06.2013 - 15.09.2013";"Vom 01.06.2013 bis zum 06.07.2013 und vom 31.08.2013 bis zum 15.09.2013 täglich außer dienstags. Vom 06.07.2013 bis zum 31.08.2013 mittwochs und samstags.";"<p>Der Campingplatz &bdquo;Via Romana&ldquo; mit idealer Lage auf Korsika ist sowohl f&uuml;r die Kleinen als auch f&uuml;r die Gro&szlig;en ein wundersch&ouml;nes Urlaubsziel. Genie&szlig;en Sie die Sch&ouml;nheit dieser Insel, die ihrem Namen alle Ehre macht und verweilen Sie einige Zeit in Ghisonaccia. Schwimmbecken, eine ruhige Atmosph&auml;re und Spazierg&auml;nge werden gemeinsam f&uuml;r unvergessliche Ferien sorgen. Und um es Ihnen ganz bequem zu machen, liegt Ihr Parkplatz nicht weit von Ihrem Stellplatz entfernt.</p>";"1";;;;
"128";"28";"de";"Frankreich";"8:00 - 11:00 Uhr/15:00 - 20:00 Uhr";"12.04.2013 - 15.09.2013";"Vom 12.04.2013 bis zum 06.07.2013 und vom 31.08.2013 bis zum 15.09.2013 täglich außer dienstags. Vom 06.07.2013 bis zum 31.08.2013 mittwochs und samstags.";"Idealer geht es nicht, wenn Sie sich entspannen möchten ... Der Camping-Club „Les Vignes“ erstreckt sich in der Nähe des Dorfes Lit-et-Mixe über ein Gelände von 15 ha. Schon bei Ihrer Ankunft werden Sie von dem erstaunlichen Aquapark mit Lagune, Planschbecken, Kaskaden, exotischem Garten und Sportschwimmbecken in den Bann gezogen.";"1";;;;
"129";"29";"de";"Spanien";"8:00 - 11:00 Uhr/15:00 - 20:00 Uhr";"06.04.2013 - 29.09.2013";"Vom 06.04.2013 bis zum 06.07.2013 und vom 31.08.2013 bis zum 29.09.2013 täglich außer dienstags. Vom 06.07.2013 bis zum 31.08.2013 mittwochs und samstags.";"<p>Der Campingplatz &bdquo;Vilanova Park&ldquo; liegt an der Costa Dorada, 45 km s&uuml;dlich von Barcelona, und h&auml;lt zwei gro&szlig;e Au&szlig;enschwimmb&auml;der, ein &uuml;berdachtes Schwimmbecken und einen Whirlpool f&uuml;r Sie bereit. Auch die zahlreichen Sportaktivit&auml;ten, die geboten werden, und den in weniger als 3 km Entfernung liegenden Strand sollten Sie auf keinen Fall verpassen!</p>";"1";;;;
"130";"30";"de";"Frankreich";"8:00 - 11:00 Uhr/15:00 - 20:00 Uhr";"12.04.2013 - 14.09.2013";"Vom 12.04.2013 bis zum 06.07.2013 und vom 31.08.2013 bis zum 14.09.2013 täglich außer dienstags. Vom 06.07.2013 bis zum 31.08.2013 mittwochs und samstags.";"Verbringen Sie auf dem Campingplatz „Zagarella“ in Saint Jean de Monts einen animierten Urlaub in angenehmem Ambiente und inmitten eines Pinienhains zwischen Meer und Moor und nur ca. 3 km von den Stränden und vom Stadtzentrum entfernt.";"1";;;;
"131";"31";"de";"Frankreich";"8:00 - 11:00 Uhr/15:00 - 20:00 Uhr";"27.04.2013 - 22.09.2013";"Vom 27.04.2013 bis zum 06.07.2013 und vom 31.08.2013 bis zum 22.09.2013 täglich außer dienstags. Vom 06.07.2013 bis zum 31.08.2013 mittwochs und samstags.";"<p>Im Herzen des Baskenlandes und am Ortseingang von Biarritz gelegen, l&auml;dt Sie der Campingplatz &bdquo;Le Ruisseau des Pyr&eacute;n&eacute;es&ldquo; nur 2,5 km von den Str&auml;nden von Bidart und unweit von der spanischen Grenze entfernt ein. Diese wundersch&ouml;ne, von einer Stra&szlig;e zweigeteilte Campinganlage bietet Ihnen eine komplexe Badelandschaft von 1.100 m&sup2; mit Rutsche, Whirlpool, Balneobereich (kostenpflichtig) und zahlreichen Sportaktivit&auml;ten: Es erwarten Sie unvergessliche Urlaubstage!</p>";"1";;;;
"135";"34";"de";"Spanien";"8:00 - 11:00 Uhr/15:00 - 20:00 Uhr";"19.04.2013 - 15.09.2013";"Vom 19.04.2013 bis zum 06.07.2013 und vom 31.08.2013 bis zum 15.09.2013 täglich außer dienstags. Du 06.07.2013 au 31.08.2013 mittwochs und samstags.";"Sie wünschen einen direkten Zugang zum Meer, einen Tierpark, eine schöne Badelandschaft, mit allem Komfort ausgestattete Mobilhomes und zahlreiche Serviceleistungen und Aktivitäten? Der Campingplatz „Playa Joyel“ lässt nichts davon aus, um Ihnen einen unvergesslichen Aufenthalt in La Noja zu verschaffen!";"1";;;;
"137";"36";"de";"Frankreich";"8:00 - 11:00 Uhr/15:00 - 20:00 Uhr";"12.04.2013 - 22.09.2013";"Vom 12.04.2013 bis zum 06.07.2013 und vom 31.08.2013 bis zum 22.09.2013 täglich außer dienstags. Vom 06.07.2013 bis zum 31.08.2013 mittwochs und samstags.";"Der im Schatten von Oleanderbäumen und Palmen gelegene familienfreundliche Campingplatz „Pearl Village Club“ verfügt über zahlreiche Trümpfe für einen entspannten Urlaub mit der Familie in Argelès-sur-Mer. An der schönen Badelandschaft können sich nicht nur die Kleinen, sondern auch die kleingebliebenen großen Leute erfreuen!";"1";;;;
"138";"37";"de";"Frankreich";;;;"Auf dem nur 200 m vom Strand entfernt gelegenen Campingplatz „Les Pins Maritimes“ mit zahlreichen Services und Animationen kann man leicht auf einen Swimmingpool verzichten. Die ideale Lage gegenüber den Inseln von Hyères - Porquerolles, Port-Cros und Ile du Levant - sorgt zudem für Abwechslung und lässt Sie den Alltag vergessen.";"1";;;;
"14";"39";"de";"Frankreich";"8:00 - 11:00 Uhr/15:00 - 20:00 Uhr";"13.04.2013 - 15.09.2013";"Vom 13.04.2013 bis zum 06.07.2013 und vom 31.08.2013 bis zum 15.09.2013 täglich außer dienstags. Vom 06.07.2013 bis zum 31.08.2013 mittwochs und samstags.";"Die kleine Ortschaft Mèze erstreckt sich im Bassin de Thau um den stets belebten Hafen. Der Campingplatz „Beau Rivage“ sorgt für Unterhaltung und Entspannung. Nutzen Sie bei der Gelegenheit auch unseren Wasserpark und erholen Sie sich im Schatten Energie spendender Palmen.";"1";;;;
"16";"61";"de";"Frankreich";"8:00 - 11:00 Uhr/15:00 - 20:00 Uhr";"12.04.2013 - 15.09.2013";"Vom 12.04.2013 bis zum 06.07.2013 und vom 31.08.2013 bis zum 15.09.2013 täglich außer dienstags. Vom 06.07.2013 bis zum 31.08.2013 mittwochs und samstags.";"Am Eingang von Les Sables d'Olonne, einer der prestigeträchtigsten Badestädte in der Vendée, erwarten Sie Dünen, feine Sandstrände und Spaziergänge in der Vogelreserve. Der familienfreundliche Campingplatz „Bois Soleil“ hält zudem Ferienspaß zwischen Meer und Wald für Sie bereit.";"1";;;;
"17";"72";"de";"Frankreich";"8:00 - 11:00 Uhr/15:00 - 20:00 Uhr";"13.04.2013 - 29.09.2013";"Vom 13.04.2013 bis zum 06.07.2013 und vom 31.08.2013 bis zum 29.09.2013 täglich außer dienstags. Vom 06.07.2013 bis zum 31.08.2013 mittwochs und samstags.";"Träumen Sie den Traum von Belle-Ile-en-Mer! Und residieren Sie auf dem Campingplatz „Bordenéo“ für unvergessliche Ferien auf einer zauberhaften Insel in der Bretagne. Genießen Sie die Badelandschaft der Anlage sowie die Ruhe und atemberaubende Lage.";"1";;;;
"175";"78";"de";"Frankreich";"8:00 - 11:00 Uhr/15:00 - 20:00 Uhr";"12.04.2013 - 15.09.2013";"Vom 12.04.2013 bis zum 06.07.2013 und vom 31.08.2013 bis zum 15.09.2013 täglich außer dienstags. Vom 06.07.2013 bis zum 31.08.2013 mittwochs und samstags.";"<p>Tanken Sie neue Energie in Natur und Wald und verweilen Sie einige Zeit auf dem Campingplatz &bdquo;Domaine des Pins&ldquo;. Dabei werden Ihnen unsere Badeanlage mit &uuml;berdachtem Schwimmbecken und die zahlreichen Serviceleistungen Ihren Urlaub noch angenehmer machen, egal ob Sie mit der Familie oder mit Freunden in Saint Hilaire de Riez residieren.</p>";"1";;;;
"176";"79";"de";"Frankreich";"8:00 - 11:00 Uhr/15:00 - 20:00 Uhr";"12.04.2013 - 15.09.2013";"Vom 12.04.2013 bis zum 06.07.2013 und vom 31.08.2013 bis zum 15.09.2013 täglich außer dienstags. Vom 06.07.2013 bis zum 31.08.2013 mittwochs und samstags.";"Der Urlaubsort Vendays-Montalivet ist ebenso dynamisch wie der Campingplatz „Atlantic Club Montalivet“. Dabei lassen der neu gestalte Badebereich, das Wellness-Center und die Veranstaltungen für Kinder und Erwachsene neben den vielen Serviceleistungen Ihren Aufenthalt zu wahren Ferien werden.";"1";;;;
"177";"80";"de";"Frankreich";"8:00 - 11:00 Uhr/15:00 - 20:00 Uhr";"27.04.2013 - 15.09.2013";"Vom 27.04.2013 bis zum 06.07.2013 und vom 31.08.2013 bis zum 15.09.2013 täglich außer dienstags. Vom 06.07.2013 bis zum 31.08.2013 mittwochs und samstags.";"Die ideale Lage des Campingplatzes „Les Ajoncs d'Or“, unweit von La Baule, Guérande und Le Pouliguen gelegen, sorgt für entspannte Ferien mit der Familie. Die mit jeglichem Komfort ausgestatte Anlage verbindet Ruhe und gute Laune und ist Ihr idealer Ferienbegleiter.";"1";;;;
"178";"81";"de";"Frankreich";"8:00 - 11:00 Uhr/15:00 - 20:00 Uhr";"13.04.2013 - 08.09.2013";"Vom 13.04.2013 bis zum 06.07.2013 und vom 31.08.2013 bis zum 08.09.2013 täglich außer dienstags. Vom 06.07.2013 bis zum 31.08.2013 mittwochs und samstags.";"Inmitten eines Pinienwaldes von 10 ha und nur 4 km von den Stränden entfernt werden Groß und Klein die optimal ausgestattete Badelandschaft (Hallenbad, Rutschen, Planschbecken ...) des Campingplatzes „Les Biches“ zu schätzen wissen. Sportaktivitäten, Animationen und Erholung sorgen für gelungene Ferien in der Sonne, eingebettet in den idyllischen Rahmen von Saint Hilaire de Riez.";"1";;;;
"179";"82";"de";"Frankreich";"8:00 – 10:00 - 15:00 - 20:00 Uhr";"06.04.2013 - 29.09.2013";"Vom 06.04.2013 bis zum 06.07.2013 und vom 24.08.2013 bis zum 29.09.2013 täglich. Vom 06.07.2013 bis zum 24.08.2013 samstags. ";"Tanken Sie frische Luft und gönnen Sie sich eine wirklich schöne Zeit auf dem Campingplatz „Aqua Viva“ in Carssac-Aillac, im Herzen der französischen Region Dordogne, die über ein reiches Kulturerbe von außergewöhnlicher Bedeutung verfügt.";"1";;;;
"181";"85";"de";"Frankreich";"8:00 - 10:00 Uhr/17:00 - 20:00 Uhr";"27.04.2013 - 29.09.2013";"Vom 27.04.2013 bis zum 06.07.2013 und vom 31.08.2013 bis zum 29.09.2013 täglich. Vom 06.07.2013 bis zum 31.08.2013 samstags.";"Nur 10 Minuten von dem berühmten Badeort Mimizan entfernt liegt der Campingplatz „Aurilandes“ in dem außergewöhnlichen Naturgebiet von Aureilhan eingebettet. Zahlreiche Aktivitäten und eine wunderschöne Badelandschaft erwarten Sie und die ganze Familie am Seeufer ...";"1";;;;
"182";"86";"de";"Frankreich";"8:00 - 10:00 - 17:00 - 20:00 Uhr";"06.04.2013 - 29.09.2013";"Vom 06.04.2013 bis zum 06.07.2013 und vom 24.08.2013 bis zum 29.09.2013 täglich. Vom 06.07.2013 bis zum 24.08.2013 samstags. ";"Auf dem Campingplatz „La Baie du Kernic“ können Sie ganz in die bretonische Kultur eintauchen: Besuchen Sie das Dorf Plouescat in der Nähe von Roscoff und den in nur 300 m Entfernung liegenden Strand.";"1";;;;
"183";"87";"de";"Frankreich";"8:00 - 10:00 – 17:00 - 20:00 Uhr";"06.04.2013 - 29.09.2013";"Vom 06.04.2013 bis zum 06.07.2013 und vom 24.08.2013 bis zum 29.09.2013 täglich. Vom 06.07.2013 bis zum 24.08.2013 samstags.";"<p>Ganz in der N&auml;he des zauberhaften Strands von La Baule liegt der Campingplatz &bdquo;Le Bois d&#39;Amour&ldquo; unweit von Gesch&auml;ften und M&auml;rkten entfernt.</p>";"1";;;;
"185";"89";"de";"Frankreich";"8:00 - 10:00 - 17:00 - 20:00 Uhr";"06.04.2013 - 29.09.2013";"Vom 06.04.2013 bis zum 06.07.2013 und vom 24.08.2013 bis zum 29.09.2013 täglich. Vom 06.07.2013 bis zum 24.08.2013 samstags. ";"Der Campingplatz „Les Catalpas“ heißt Sie auf mehr als 2 ha Gelände, ganz in der Nähe der berühmten Gironde-Mündung, willkommen. St Georges-de-Didonne liegt im Herzen einer Region, die über eine reiche Kultur verfügt und ist der ideale Ort für Ihren erholsamen Urlaub.";"1";;;;
"19";"94";"de";"Frankreich";"8:00 - 11:00 Uhr/15:00 - 20:00 Uhr";"26.04.2013-15.09.2013";"Vom 26.04.2013 bis zum 06.07.2013 und vom 31.08.2013 bis zum 15.09.2013 täglich außer dienstags. Vom 06.07.2013 bis zum 31.08.2013 mittwochs und samstags.";"In einem 4,3 ha großen Pinienwald - von der Düne geschützt und nur 5 Minuten von den Stränden entfernt - werden Sie in Saint Jean de Monts vom Vogelgesang geweckt. Der Campingplatz „California“ serviert Ihnen in seiner Parkanlage den Entspannungs-Cocktail für gelungene Ferien.";"1";;;;
"190";"95";"de";"Frankreich";"8:00 - 10:00 Uhr/17:00 - 20:00 Uhr";"27.04.2013 - 06.09.2013";"Vom 27.04.2013 bis zum 06.07.2013 und vom 31.08.2013 bis zum 06.09.2013 täglich. Vom 06.07.2013 bis zum 31.08.2013 samstags.";"Verbringen Sie auf dem zwischen Narbonne-Plage und Gruissan gelegenen Campingplatz „Côte des Roses“ einen zauberhaften Urlaub mit mittelmeerischem Akzent.";"1";;;;
"191";"96";"de";"Frankreich";"8:00 - 10:00 - 17:00 - 20:00 Uhr";"06.04.2013 - 29.09.2013";"Vom 06.04.2013 bis zum 06.07.2013 und vom 24.08.2013 bis zum 29.09.2013 täglich. Vom 06.07.2013 bis zum 24.08.2013 samstags. ";"Der Campingplatz „La Côte Sauvage“ auf der Ile de Ré, in unmittelbarer Nähe des Dorfzentrums von St. Clément des Baleines gelegen, wird Sie mit seiner weitläufigen Parkanlage verführen und Sie ausgefallene Unterkünfte entdecken lassen.";"1";;;;
"192";"97";"de";"Frankreich";"8:00 - 11:00 Uhr/15:00 - 20:00 Uhr";"27.04.2013 - 29.09.2013";"Vom 27.04.2013 bis zum 06.07.2013 und vom 31.08.2013 bis zum 29.09.2013 täglich. Vom 06.07.2013 bis zum 31.08.2013 samstags.";"<p>Im Herzen des regionalen Naturparks Verdon thront der Campingplatz &bdquo;Le Coteau de la Marine&ldquo; auf der Hochebene Valensole und bietet Ihnen Urlaub in provenzalischer Luft. Wohlgeruch, Natur, Entspannung, Baden und Entdeckungen - f&uuml;r unvergessliche Momente!</p>";"1";;;;
"200";"107";"de";"Frankreich";;;;;"1";;;;
"203";"110";"de";"Frankreich";"8:00 - 10:00 Uhr/17:00 - 20:00 Uhr";"12.04.2013 - 15.09.2013";"Vom 12.04.2013 bis zum 06.07.2013 und vom 31.08.2013 bis zum 15.09.2013 täglich. Vom 06.07.2013 bis 31.08.2013 samstags.";"Der sich über 20 ha erstreckende Campingplatz „La Dune Blanche“ heißt Sie im Schatten maritimer Pinienbäume in Camiers willkommen. Die Badelandschaft und das Umfeld, insbesondere Le Touquet Paris Plage und La Côte d'Opale, werden Sie schlichtweg verzaubern.";"1";;;;
"205";"112";"de";"Frankreich";"8:00 - 10:00 Uhr/17:00 - 20:00 Uhr";"06.04.2013 - 29.09.2013";"Vom 06.04.2013 bis zum 06.07.2013 und vom 31.08.2013 bis zum 29.09.2013 täglich. Vom 06.07.2013 bis zum 31.08.2013 samstags.";"<p>Der Campingplatz &bdquo;Ensoya&ldquo; empf&auml;ngt Sie in einem nat&uuml;rlichen, ruhigen und schattigen Rahmen, nur 4 km von der R&eacute;serve Africaine de Sigean und 7 km von den Str&auml;nden entfernt.</p>";"1";;;;
"206";"113";"de";"Frankreich";"8:00 - 10:00 Uhr/17:00 - 20:00 Uhr";"06.04.2013 - 29.09.2013";"Vom 06.04.2013 bis zum 06.07.2013 und vom 31.08.2013 bis zum 29.09.2013 täglich. Vom 06.07.2013 bis zum 31.08.2013 samstags.";"In 4 km Entfernung vom Strand, ganz in der Nähe des Etang de Thau, zwischen Montpellier und Sète, empfängt Sie der Campingplatz „L'Europe“ in einer Parkanlage von 5 ha in Voc La Gardiole. Die Badelandschaft, Veranstaltungen und Sportaktivitäten sorgen für Abwechslung für die ganze Familie!";"1";;;;
"21";"117";"de";"Frankreich";"8:00 - 11:00 Uhr/15:00 - 20:00 Uhr";"17.05.2013 - 08.09.2013";"Vom 17.05.2013 bis zum 06.07.2013 und vom 31.08.2013 bis zum 08.09.2013 täglich außer dienstags. Vom 06.07.2013 bis zum 31.08.2013 mittwochs und samstags.";"Der zwischen Gap und Sisteron, den Alpen und der Provence gelegene Campingplatz „Du Lac“ in Curbans befindet sich an den Ufern der Durance. Entdecken Sie diesen idealen Ort für Berg- und Naturliebhaber.";"1";;;;
"212";"120";"de";"Spanien";"8:00 - 10:00 Uhr/17:00 - 20:00 Uhr";"23.03.2013 - 22.09.2013";"Vom 23.03.2013 bis zum 06.07.2013 und vom 31.08.2013 bis zum 22.09.2013 täglich. Vom 06.07.2013 bis zum 31.08.2013 samstags. ";"Umgeben von einem Pinienwald und gegenüber dem Archipel der Medas-Inseln gelegen, begeistert der Campingplatz „Interpals“ die ganze Familie. In Platja de Pals, nur 200 m von einem großen feinen Sandstrand entfernt, können Sie die ideale Lage in vollen Zügen genießen.";"1";;;;
"215";"123";"de";"Frankreich";"8:00 - 10:00 Uhr/17:00 - 20:00 Uhr";"06.04.2013 - 29.09.2013";"Vom 06.04.2013 bis zum 06.07.2013 und vom 31.08.2013 bis zum 29.09.2013 täglich. Vom 06.07.2013 bis zum 31.08.2013 samstags.";"Der 12 ha große Campingplatz „La Forêt“ bietet Ihnen nicht nur einen direkten Zugang zur berühmten Dune du Pyla, sondern zudem auch einen uneinnehmbaren Blick auf das Meer. Verbringen Sie Ihre wohlverdienten Urlaubstage im Schatten der Pinienbäume.";"1";;;;
"216";"124";"de";"Frankreich";;;;;"1";;;;
"218";"126";"de";"Frankreich";"8:00 - 10:00 Uhr/17:00 - 20:00 Uhr";"06.04.2013 - 29.09.2013";"Vom 06.04.2013 bis zum 06.07.2013 und vom 31.08.2013 bis zum 29.09.2013 täglich. Vom 06.07.2013 bis zum 31.08.2013 samstags.";"In einem Park von 4 ha und in 500 m Entfernung zum Strand von Argelès-sur-Mer gelegen, bietet der Campingplatz „Le Neptune“ Urlaub mit der Familie und lädt Sie ein, die katalanische Region zu entdecken.";"1";;;;
"219";"127";"de";"Frankreich";"8:00 - 10:00 Uhr/17:00 - 20:00 Uhr";"02.03.2013 - 11.11.2013";"Vom 02.03.2013 bis zum 06.07.2013 und vom 31.08.2013 bis zum 11.11.2013 täglich. Vom 06.07.2013 bis zum 31.08.2013 samstags mittwochs und sonntags.";"Einen direkten Zugang zum Meer bietet Ihnen dieser zauberhafte Campingplatz „Domaine d'Anghione“ mit seiner idealen Lage auf der Insel der Schönheit ... Lassen Sie es sich gut gehen in dieser paradiesischen Landschaft südlich von Bastia. 40 ha Parkanlage und eine zauberhafte Badelandschaft sind Ihre Garantie für einen gelungenen Urlaub!";"1";;;;
"22";"128";"de";"Frankreich";;;;"Der Campingplatz „Le Cap Agathois“ liegt in 3 km Entfernung zu den großen feinen Sandstränden des Mittelmeers und bietet Ihnen einen idealen Urlaub mit der Famille. Schwimmbecken, Meer, Strand, Sonne in privilegiertem Umfeld ... kommen Sie uns in Cap d'Agde besuchen!";"1";;;;
"220";"129";"de";"Frankreich";"8:00 - 10:00 Uhr/17:00 - 20:00 Uhr";"06.04.2013 - 29.09.2013";"Vom 06.04.2013 bis zum 06.07.2013 und vom 24.08.2013 bis zum 29.09.2013 täglich. Vom 06.07.2013 bis zum 24.08.2013 samstags.";"<p>Am Meer in Portel gelegen bietet der Campingplatz &bdquo;Le Phare&ldquo; den idealen Ausgangspunkt, um die Region zu entdecken. Entspannen Sie in der 8 ha gro&szlig;en Gr&uuml;nanlage und genie&szlig;en Sie den uneinnehmbaren Blick auf das Meer. Typische Fischerd&ouml;rfer und regionale M&auml;rkte lassen Sie das Schwimmbecken vergessen.</p>";"1";;;;
"221";"130";"de";"Frankreich";"8:00 - 10:00 Uhr/17:00 - 20:00 Uhr";"06.04.2013 - 29.09.2013";"Vom 06.04.2013 bis zum 06.07.2013 und vom 31.08.2013 bis zum 29.09.2013 täglich. Vom 06.07.2013 bis zum 31.08.2013 samstags.";"<p>Der Campingplatz &bdquo;Les 7 Fonts&ldquo; erstreckt sich &uuml;ber ein Gebiet von 5,5 ha und liegt in nur 6 km Entfernung zu Cap d&#39;Agde und seinen Str&auml;nden. Kosten Sie das familienfreundliche, typisch mittelmeerische Ambiente am Canal du Midi aus.</p>";"1";;;;
"222";"131";"de";"Frankreich";;;;;"1";;;;
"223";"132";"de";"Frankreich";"8:00 - 10:00 Uhr/17:00 - 20:00 Uhr";"06.04.2013 - 29.09.2013";"Vom 06.04.2013 bis zum 06.07.2013 und vom 24.08.2013 bis zum 29.09.2013 täglich. Vom 06.07.2013 bis zum 24.08.2013 samstags.";"<p>Welches Gebirge ist schon beeindruckender und gigantischer als der ber&uuml;hmte Mont Blanc? Der Campingplatz &bdquo;Les Iles&ldquo; bietet Ihnen Zugang zum Lac de Passy und dar&uuml;ber hinaus einen unvergleichlichen Blick auf das Mont-Blanc-Massiv sowie die Bergkette Aravis. Alle sommerlichen Bergaktivit&auml;ten sind in Reichweite ...</p>";"1";;;;
"227";"136";"de";"Frankreich";"8:00 - 11:00 Uhr/15:00 - 20:00 Uhr";"12.04.2013 - 15.09.2013";"Vom 12.04.2013 bis zum 06.07.2013 und vom 31.08.2013 bis zum 15.09.2013 täglich außer dienstags. Vom 06.07.2013 bis zum 31.08.2013 mittwochs und samstags.";"Auf diesem Campingplatz im Herzen der reichen Natur lässt es sich wohlfühlen! Von hier aus können Sie die Schlösser an der Loire besuchen, hier können Sie die Badelandschaft und den außergewöhnlichen Rahmen während Ihrer Urlaubstage auskosten ... und im Parc des Allais in Trogues entspannen und sich amüsieren.";"1";;;;
"228";"137";"de";"Frankreich";"8:00 - 10:00 – 17:00 - 20:00 Uhr";"06.04.2013 - 29.09.2013";"Vom 06.04.2013 bis zum 06.07.2013 und vom 31.08.2013 bis zum 29.09.2013 täglich. Vom 06.07.2013 bis zum 31.08.2013 samstags. ";"Die als „Grüner Urlaubsort“ klassifizierte Stadt Quinson verspricht die Entdeckung der Verdonschlucht und etwas weiter entfernt die Provence mit ihren Düften und ihrer Landschaft.";"1";;;;
"229";"138";"de";"Frankreich";"8:00 – 11:00 Uhr/17:00 - 20:00 Uhr";"27.04.2013 - 29.09.2013";"Vom 27.04.2013 bis zum 06.07.2013 und vom 24.08.2013 bis zum 29.09.2013 täglich. Vom 06.07.2013 bis zum 24.08.2013 samstags.";"<p>Am Ufer des Lac du Laouzas und im Herzen des Naturparks Haut-Languedoc gelegen, erwartet Sie der Campingplatz &bdquo;Rieumontagn&eacute;&ldquo; in Nages. Genie&szlig;en Sie den Seestrand, die Wassersportaktivit&auml;ten sowie zahlreiche Wanderwege in der Region.</p>";"1";;;;
"23";"139";"de";"Frankreich";"8:00 - 11:00 Uhr/15:00 - 20:00 Uhr";"12.04.2013 - 15.09.2013";"Vom 12.04.2013 bis zum 06.07.2013 und vom 31.08.2013 bis zum 15.09.2013 täglich außer dienstags. Vom 06.07.2013 bis zum 31.08.2013 mittwochs und samstags.";"Im Schwarzen Périgord, dem Land der ersten Menschen, dem gastlichen Land, in dem es sich leben und essen lässt wie bei Gott in Frankreich, werden Sie sich für den Campingplatz „Le Carbonnier“ entscheiden und einen erholsamen Urlaub in Saint Martial de Nabirat verbringen.";"1";;;;
"231";"141";"de";"Frankreich";"8:00 - 10:00 Uhr/17:00 - 20:00 Uhr";"27.04.2013 - 29.09.2013";"Vom 27.04.2013 bis zum 06.07.2013 und vom 24.08.2013 bis zum 29.09.2013 täglich. Vom 06.07.2013 bis zum 24.08.2013 samstags.";"<p>Am Lac de la Selves gelegen, bietet Ihnen der Campingplatz &bdquo;Les Tours&ldquo; gleich eine ganze Palette an Aktivit&auml;ten: Schwimmbecken, Strand und Wassersport auf dem See. Verbringen Sie Ihre Urlaubstage im Einklang mit der traumhaften Natur von Aveyron. Hier sind Ruhe und Entspannung pur angesagt!</p>";"1";;;;
"232";"142";"de";"Frankreich";;;;;"0";;;;
"233";"143";"de";"Frankreich";"8:00 - 11:00 Uhr/15:00 - 20:00 Uhr";"01.05.2013 - 15.09.2013";"Vom 01.05.2013 bis zum 06.07.2013 und vom 31.08.2013 bis zum 15.09.2013 täglich außer dienstags. Vom 06.07.2013 bis zum 31.08.2013 mittwochs und samstags.";"In nur 800 m Entfernung zum Strand bietet Ihnen der Campingplatz „Domaine de la Marina“ in Messanges entspannende Ferien in einem gemütlichen, ruhigen Rahmen. Zahlreiche Aktivitäten und Veranstaltungen (mit Ausnahme der Badelandschaft) erwarten Sie auf dem nur 400 m entfernt gelegenen Campingplatz „Le Vieux Port“.";"1";;;;
"234";"144";"de";"Frankreich";"8:00 - 11:00 – 15:00 - 20:00 Uhr";"12.04.2013 - 26.10.2013";"Vom 12.04.2013 bis zum 06.07.2013 und vom 31.08.2013 bis zum 26.10.2013 täglich außer dienstags. Vom 06.07.2013 bis zum 24.08.2013 mittwochs und samstags.";"<p>Dank seiner idealen Lage haben Sie vom Campingplatz &bdquo;Les Etangs Fleuris&ldquo; in Touquin aus die M&ouml;glichkeit, den Zauber von Disneyland sowie den Charme der franz&ouml;sischen Hauptstadt zu genie&szlig;en. Entspannen k&ouml;nnen Sie zudem an dem in einer 10 ha gro&szlig;en Gr&uuml;nanlage gelegenen Schwimmbecken.</p>";"1";;;;
"235";"145";"de";"Frankreich";"8:00 - 11:00 Uhr/15:00 - 20:00 Uhr";"08.05.2013 - 08.09.2013";"Vom 08.05.2013 bis zum 06.07.2013 und vom 31.08.2013 bis zum 08.09.2013 täglich außer dienstags. Vom 06.07.2013 bis zum 31.08.2013 mittwochs und samstags.";"<p>Nur 1 km vom Lac d&#39;Annecy entfernt empf&auml;ngt Sie der Campingplatz &bdquo;La Ravoire&ldquo; in einem idyllischen Rahmen. Schwimmbecken, Wasserrutsche, Kinderspielplatz und Serviceleistungen sorgen f&uuml;r einen angenehmen Aufenthalt.</p>";"1";;;;
"236";"146";"de";"Frankreich";"8:00 - 11:00 Uhr/15:00 - 20:00 Uhr";"27.04.2013 - 15.09.2013";"Vom 27.04.2013 bis zum 06.07.2013 und vom 31.08.2013 bis zum 15.09.2013 täglich außer dienstags. Vom 06.07.2013 bis zum 31.08.2013 mittwochs und samstags.";"Der Campingplatz „Saint Disdille“ in Thonon-les-Bains, in der Nähe des Genfer Sees gelegen, wird es Ihnen nicht einfach machen, sich zwischen Wassersport, Wandertouren oder Faulenzen am Strand zu entscheiden. Da kann man gut und gern auf den Swimmingpool verzichten.";"1";;;;
"238";"148";"de";"Frankreich";"8:00 - 11:00 Uhr/15:00 - 20:00 Uhr";"27.04.2013 - 15.09.2013";"Vom 27.04.2013 bis zum 06.07.2013 und vom 31.08.2013 bis zum 15.09.2013 täglich außer dienstags. Vom 06.07.2013 bis zum 31.08.2013 mittwochs und samstags.";"Der zwischen Hossegor und Biarritz in nur 2 km Entfernung zum Meer gelegene familienfreundliche Campingplatz „Lou Pignada“ heißt Sie im Herzen eines Pinien- und Korkeichenwaldes willkommen. Dort können Sie den schattigen Swimmingpool in aller Ruhe genießen ...";"1";;;;
"239";"149";"de";"Frankreich";"8:00 - 11:00 Uhr/15:00 - 20:00 Uhr";"13.04.2013 - 15.09.2013";"Vom 13.04.2013 bis zum 06.07.2013 und vom 31.08.2013 bis zum 15.09.2013 täglich außer dienstags. Vom 06.07.2013 bis zum 31.08.2013 mittwochs und samstags.";"Ein Campingplatz für Groß und Klein ... Der „Palmira Beach“ in Valras empfängt Sie in Begleitung Ihrer Familie oder Freunde und bietet Ihnen erholsame Ferien, gemütliches Beisammensein und glückliche Momente!";"1";;;;
"240";"151";"de";"Frankreich";"8:00 - 11:00 Uhr/15:00 - 20:00 Uhr";"27.04.2013 - 15.09.2013";"Vom 27.04.2013 bis zum 06.07.2013 und vom 31.08.2013 bis zum 15.09.2013 täglich außer dienstags. Vom 06.07.2013 bis zum 31.08.2013 mittwochs und samstags.";"Verbringen Sie entspannende Urlaubstage, nur 300 m vom Strand entfernt. Die ideale Lage des familienfreundlichen Campingplatzes „L'étoile de Mer“ und die zahlreichen Animationen lassen Sie gut und gern auf den Swimmingpool verzichten.";"1";;;;
"242";"153";"de";"Frankreich";;;;;"1";;;;
"243";"154";"de";"Frankreich";"8:00 - 11:00 Uhr/15:00 - 20:00 Uhr";"04.05.2013 - 08.09.2013";"Vom 04.05.2013 bis zum 06.07.2013 und vom 31.08.2013 bis zum 08.09.2013 täglich außer dienstags. Vom 06.07.2013 bis zum 31.08.2013 mittwochs und samstags.";"Wanderungen, Besichtigungen, Entspannung und Badespaß sind das Rezept für den gelungenen Urlaub, der Sie auf dem Campingplatz „La Pergola“ erwartet! Die in Marigny in einer wunderschönen Seeregion gelegene Anlage bietet eine zauberhafte Badelandschaft.";"1";;;;
"244";"155";"de";"Frankreich";"8:00 - 11:00 Uhr/15:00 - 20:00 Uhr";"27.04.2013 - 15.09.2013";"Vom 27.04.2013 bis zum 06.07.2013 und vom 31.08.2013 bis zum 15.09.2013 täglich außer dienstags. Vom 06.07.2013 bis zum 31.08.2013 samstags und mittwochs.";"600 m von Volonne entfernt liegt der Campingplatz „L'Hippocampe“ im Grünen eingebettet. Die wunderschöne Badelandschaft mit 5 Wasserrutschen und die große Auswahl an in der Region angebotenen Sportaktivitäten tragen zu Ihrem energiegeladenen Urlaub bei.";"1";;;;
"247";"158";"de";"Spanien";"8:00 - 11:00 Uhr/15:00 - 20:00 Uhr";"12.04.2013 - 29.09.2013";"Vom 12.04.2013 bis zum 06.07.2013 und vom 31.08.2013 bis zum 29.09.2013 täglich. Vom 06.07.2013 bis zum 31.08.2013 samstags. ";"Nur einige Kilometer von Benidorm und seinen Erlebnisparks entfernt liegt der Campingplatz „Almafra“ in Alfaz del Pi, einem idealen Urlaubsort für Ferien nach dem Motto „Dolcefarniente und Entdeckung“.";"1";;;;
"248";"159";"de";"Spanien";"8:00 - 11:00 Uhr/15:00 - 20:00 Uhr";"12.04.2013 - 22.09.2013";"Vom 12.04.2013 bis zum 06.07.2013 und vom 31.08.2013 bis zum 22.09.2013 täglich. Vom 06.07.2013 bis zum 31.08.2013 samstags. ";"Der in Platja d'Aro, nur 1 Kilometer von den Stränden entfernt gelegene Campingplatz „Valldaro“ eignet sich perfekt für einen Urlaub mit der Familie. Die schöne Badelandschaft lässt für Groß und Klein keine Wünsche offen.";"1";;;;
"25";"161";"de";"Spanien";"8:00 - 11:00 Uhr/15:00 - 20:00 Uhr";"11.05.2013 - 29.09.2013";"Vom 11.05.2013 bis zum 06.07.2013 und vom 31.08.2013 bis zum 29.09.2013 täglich außer dienstags. Vom 06.07.2013 bis zum 31.08.2013 mittwochs und samstags.";"Der Campingplatz „Castell Montgri“ passt sich gänzlich in die Natur der umliegenden Landschaft ein. Hier können Sie von der zauberhaften Badelandschaft sowie von den vielen Veranstaltungen und Aktivitäten profitieren. Ob mit der Familie oder mit Freunden ... in Estartit kommt jeder auf seine Kosten!";"1";;;;
"251";"163";"de";"Italien";"8:00 - 11:00 Uhr/15:00 - 20:00 Uhr";"27.04.2013 - 15.09.2013";"Vom 27.04.2013 bis zum 06.07.2013 und vom 31.08.2013 bis zum 15.09.2013 täglich. Vom 06.07.2013 bis zum 31.08.2013 samstags. ";"Der ideale Platz für optimale Entspannung: Eingebettet in den hundertjahrealten Pinienwald von Ravenna heißt Sie der Campingplatz „Marina“ in Punta Marina willkommen - für einen authentischen Urlaub direkt am Meer!";"1";;;;
"26";"165";"de";"Frankreich";;;;"Der Campingplatz „Caussanel de Canet-de-Salars“ bietet eine anspruchsvolle Infrastruktur sowie Veranstaltungen in idealer Lage am Ufer des Lac de Pareloup mit einer Uferlänge von 120 km. Gemütlich bummeln oder aktiv sein ... ganz wie es Ihnen beliebt.";"1";;;;
"28";"167";"de";"Frankreich";"8:00 - 11:00 Uhr/15:00 - 20:00 Uhr";"06.04.2013 - 15.09.2013";"Vom 06.04.2013 bis zum 06.07.2013 und vom 31.08.2013 bis zum 15.09.2013 täglich außer dienstags. Vom 06.07.2013 bis zum 31.08.2013 mittwochs und samstags.";"In Brem-sur-Mer, nur 1 km von einem Pinienwald und ca. 1,5 km von einem feinen Sandstrand entfernt gelegen, ist der Campingplatz „Le Chaponnet“ der ideale Ort, um entspannende und erholsame Urlaubstage zu verbringen. Die Anlage bietet ein komplettes Serviceangebot mit Badelandschaft, Restaurant, Unterhaltung und vieles mehr.";"1";;;;
"29";"168";"de";"Frankreich";"8:00 - 11:00 Uhr/15:00 - 20:00 Uhr";"27.04.2013 - 14.09.2013";"Vom 27.04.2013 bis zum 06.07.2013 und vom 31.08.2013 bis zum 14.09.2013 täglich außer dienstags. Vom 06.07.2013 bis zum 31.08.2013 mittwochs und samstags.";"<p>Auf der Halbinsel Fouras, gegen&uuml;ber den Inseln R&eacute; und Ol&eacute;ron, erwartet Sie der Campingplatz &bdquo;Les Charmilles&ldquo; mit seinem wundersch&ouml;nen Schwimmbecken mit Wasserrutsche. In Fouras (3 km) k&ouml;nnen Sie den sch&ouml;nsten feinen Sandstrand der Halbinsel genie&szlig;en.</p>";"1";;;;
"30";"170";"de";"Frankreich";"8:00 - 11:00 Uhr/15:00 - 20:00 Uhr";"06.05.2013 - 06.09.2013";"Vom 06.05.2013 bis zum 06.07.2013 und vom 31.08.2013 bis zum 06.09.2013 täglich außer dienstags. Vom 06.07.2013 bis zum 31.08.2013 mittwochs und samstags.";"In schattigem Wald, zwischen Cap Fréhel und St. Malo gelegen, können Sie nur 10 Minuten von den wunderschönsten, weitreichenden Stränden oder kleinen wilden Buchten entfernt die alten Steine auf dem Campingplatz „Château de Galinée“ bewundern.";"1";;;;
"31";"171";"de";"Frankreich";"8:00 - 11:00 Uhr/15:00 - 20:00 Uhr";"13.04.2013 - 15.09.2013";"Vom 13.04.2013 bis zum 06.07.2013 und vom 31.08.2013 bis zum 15.09.2013 täglich außer dienstags. Vom 06.07.2013 bis zum 31.08.2013 mittwochs und samstags.";"Mit seiner Badelandschaft beglückt der geräumige Campingplatz „La Chênaie“ Groß und Klein. Auf dieser Anlage, unweit von dem berühmten Badeort Pornic entfernt, können Sie in aller Ruhe entspannen.";"1";;;;
"32";"172";"de";"Frankreich";"8:00 - 11:00 Uhr/15:00 - 20:00 Uhr";"13.04.2013 - 15.09.2013";"Vom 13.04.2013 bis zum 06.07.2013 und vom 31.08.2013 bis zum 15.09.2013 täglich außer dienstags. Vom 06.07.2013 bis zum 31.08.2013 mittwochs und samstags.";"<p>Willkommen auf dem Campingplatz &bdquo;Domaine des Ch&ecirc;nes Verts&ldquo; im Herzen des P&eacute;rigord Noir, nur 7 km von Sarlat entfernt, der unweit vom Fluss gelegenen, mittelalterlichen Stadt im Dordogne-Tal. Lassen Sie sich diesen Schatz der Natur und die von ihm ausgehende Ruhe nicht entgehen.</p>";"1";;;;
"33";"173";"de";"Frankreich";"8:00 - 11:00 Uhr/15:00 - 20:00 Uhr";"13.04.2013 - 15.09.2013";"Vom 13.04.2013 bis zum 06.07.2013 und vom 31.08.2013 bis zum 15.09.2013 täglich außer dienstags. Vom 06.07.2013 bis zum 31.08.2013 mittwochs und samstags.";"25 ha Pinienwald, am Lac de Léon in Veille-Saint-Girons gelegen, zwei umfassende Schwimmbecken (davon ein überdachtes und beheiztes Becken) sowie zahlreiche Sport- und Kulturaktivitäten erwarten Groß und Klein auf dem Campingplatz „Le Col Vert“.";"1";;;;
"35";"175";"de";"Frankreich";"8:00 - 11:00 Uhr/15:00 - 20:00 Uhr";"19.04.2013 - 15.09.2013";"Vom 19.04.2013 bis zum 06.07.2013 und vom 31.08.2013 bis zum 15.09.2013 täglich außer dienstags. Vom 06.07.2013 bis zum 31.08.2013 mittwochs und samstags.";"Herzlich willkommen auf dem sonnenreichen Campingplatz „La Coste Rouge“ in Argelès-sur-Mer. Verbringen Sie angenehme Campingurlaubstage in familienfreundlichem, gemütlichem Ambiente, ganz in der Nähe (900 m) des Meeres und am Fuße des Albères-Massivs. Auf nach La Coste Rouge!";"1";;;;
"37";"177";"de";"Frankreich";"8:00 - 11:00 Uhr/15:00 - 20:00 Uhr";"26.04.2013 - 15.09.2013";"Vom 26.04.2013 bis zum 06.07.2013 und vom 31.08.2013 bis zum 15.09.2013 täglich außer dienstags. Vom 06.07.2013 bis zum 31.08.2013 mittwochs und samstags.";"<p>Der im Herzen der Camargue in Albaron sur Arles gelegene Campingplatz &bdquo;Crin Blanc&ldquo; wird Sie schlichtweg verzaubern. Hier k&ouml;nnen Sie nicht nur von der Badelandschaft und den in der N&auml;he angebotenen sportlichen Aktivit&auml;ten profitieren, sondern auch das Reitangebot nutzen.</p>";"1";;;;
"38";"178";"de";"Frankreich";"8:00 - 11:00 Uhr/17:00 – 19:00 Uhr in der Nebensaison und 15:00 – 19:00 Uhr in der Hauptsaison";"18.05.2013 - 14.09.2013";"Vom 18.05.2013 bis zum 06.07.2013 und vom 31.08.2013 bis zum 14.09.2013 täglich außer dienstags. Vom 06.07.2013 bis zum 31.08.2013 mittwochs und samstags.";"Zwischen Meer und Berglandschaft, nur einige Minuten vom Strand und von Porto Vecchio entfernt, empfängt Sie der Campingplatz „Cupulatta“ („Schildkröte“ auf korsisch) in einer einfachen und familienfreundlichen Atmosphäre auf einer Fläche von 2 ha. Hier finden Sie die lang ersehnte Ruhe und Enspannung im Rausch des Macchiaduftes.";"1";;;;
"39";"179";"de";"Frankreich";"8:00 - 11:00 Uhr/15:00 - 20:00 Uhr";"12.04.2013 - 15.09.2013";"Vom 12.04.2013 bis zum 06.07.2013 und vom 31.08.2013 bis zum 15.09.2013 täglich außer dienstags. Vom 06.07.2013 bis zum 31.08.2013 mittwochs und samstags.";"Der ruhig gelegene Campingplatz „Les Cyprès“, nahe des Flusses Jaunay, liegt 4 km von St. Gilles Croix de Vie und nur 600 m vom Strand entfernt. Ein schöner Radweg führt Sie nach St. Gilles Croix de Vie.";"1";;;;
"40";"181";"de";"Frankreich";"8:00 - 11:00 Uhr/15:00 - 20:00 Uhr";"27.04.2013 - 07.09.2013";"Vom 27.04.2013 bis zum 06.07.2013 und vom 31.08.2013 bis zum 07.09.2013 täglich außer dienstags. Vom 06.07.2013 bis zum 31.08.2013 mittwochs und samstags.";"Atmen Sie die belebende Luft der Bretagne im Herzen eines 9 ha großen Waldparks nur 900 m vom Strand Tahiti-Raguenez. Alle Aktivitäten sind vereint, um Groß und Klein auf dem Campingplatz „Les Deux Fontaines“ in Névez zu erfreuen.";"1";;;;
"41";"182";"de";"Frankreich";"8:00 - 11:00 Uhr/15:00 - 20:00 Uhr";"27.04.2013 - 22.09.2013";"Vom 27.04.2013 bis zum 06.07.2013 und vom 31.08.2013 bis zum 22.09.2013 täglich außer dienstags. Vom 06.07.2013 bis zum 31.08.2013 mittwochs und samstags.";"Das „Dorf der Korsaren“, wo Sie den nur 300 m entfernten Strand in Angriff nehmen werden, befindet sich in dem Badeort Chatelaillon-Plage, 10 km von la Rochelle. Das Zentrum des Ortes ist ebenfalls ganz nah. Dies bringt natürlich einige Vorteile mit sich, um Einkäufe zu tätigen oder um sich zu amüsieren.";"1";;;;
"42";"183";"de";"Frankreich";"8:00 - 11:00 Uhr/15:00 - 20:00 Uhr";"12.04.2013 - 15.09.2013";"Vom 12.04.2013 bis zum 06.07.2013 und vom 31.08.2013 bis zum 15.09.2013 täglich außer dienstags. Vom 06.07.2013 bis zum 31.08.2013 mittwochs und samstags.";"<p>Im Herzen einer nat&uuml;rlichen Umgebung von 20 ha bietet der Campingplatz &bdquo;Domaine d&#39;Inly&ldquo; in Penestin nahe gelegene Str&auml;nde, eine Vielzahl von Aktivit&auml;ten und die M&ouml;glichkeit, sich mit Leidenschaft dem Wassersport (Kanu) auf dem privaten See hinzugeben.</p>";"1";;;;
"43";"184";"de";"Frankreich";"8:00 - 11:00 Uhr/15:00 - 20:00 Uhr";"13.04.2013 - 14.09.2013";"Vom 13.04.2013 bis zum 06.07.2013 und vom 31.08.2013 bis zum 14.09.2013 täglich außer dienstags. Vom 06.07.2013 bis zum 31.08.2013 mittwochs und samstags.";"In einem natürlichen und ruhigen Umfeld empfängt Sie der Campingplatz „Domaine d'Oléron“ zwischen den Orten St-Pierre und St-Georges, nur 3 km von den Sandstränden entfernt. Mehrere Wälder und verschiedene Einkaufsmöglichkeiten befinden sich in 2 km Entfernung. Die Ile d'Oléron erwartet Sie mit wunderschönen feinen Sandstränden und ihrer bezaubernden Natur.";"1";;;;
"44";"185";"de";"Frankreich";"8:00 - 11:00 Uhr/15:00 - 20:00 Uhr";"13.04.2013 - 22.09.2013";"Vom 13.04.2013 bis zum 06.07.2013 und vom 31.08.2013 bis zum 22.09.2013 täglich außer dienstags. Vom 06.07.2013 bis zum 31.08.2013 mittwochs und samstags.";"<p>Der Campingplatz &bdquo;Domaine de Chaussy&ldquo; befindet sich inmitten eines 15 ha gro&szlig;en Parks, im Herzen der s&uuml;dlichen Ard&egrave;che. Nur 3 km entfernt liegt der aufgrund zahlreicher M&ouml;glichkeiten f&uuml;r Kanutouren und Wanderungen weltweit bekannte Fluss Ard&egrave;che. Auf diesem Campingplatz k&ouml;nnen Sie die gro&szlig;z&uuml;gige Badelandschaft sowie die angebotenen Sportaktivit&auml;ten genie&szlig;en. Lagorce Vallon-Pont-d&#39;Arc ist der ideale Ort, um die Ard&egrave;che kennen zu lernen!</p>";"1";;;;
"46";"187";"de";"Frankreich";"8:00 - 11:00 Uhr/15:00 - 20:00 Uhr";"06.04.2013 - 08.09.2013";"Vom 06.04.2013 bis zum 06.07.2013 und vom 31.08.2013 bis zum 08.09.2013 täglich außer dienstags. Vom 06.07.2013 bis zum 31.08.2013 mittwochs und samstags.";"<p>Der Campingplatz &bdquo;Domaine de la Rive&ldquo; liegt nur ca. 200 m vom See Lac de Cazaux Sanguinet entfernt und bietet Ihnen eine farbenfrohe Badelandschaft mit einem exklusiv f&uuml;r Kinder reservierten Abschnitt. Die in der Gemeinde Biscarrosse gelegene Anlage wird Sie mit Sportaktivit&auml;ten, insbesondere auf dem See, verzaubern und mit Dolcefarniente verw&ouml;hnen.</p>";"1";;;;
"47";"188";"de";"Frankreich";"8:00 - 11:00 Uhr/15:00 - 20:00 Uhr";"06.04.2013 - 29.09.2013";"Vom 06.04.2013 bis zum 06.07.2013 und vom 31.08.2013 bis zum 29.09.2013 täglich außer dienstags. Vom 06.07.2013 bis zum 31.08.2013 mittwochs und samstags.";"<p>Der Campingplatz &bdquo;Domaine de L&eacute;veno&ldquo; in Gu&eacute;rande bietet Ihnen zahlreiche Annehmlichkeiten, um Ihnen Ihren Urlaub zu vers&uuml;&szlig;en: einen wundersch&ouml;nen gro&szlig;en Park, Animationen, ein &uuml;berdachtes Schwimmbecken, eine intakte Naturlandschaft sowie Momente der Ruhe und Entspannung. Und die ganz K&uuml;hnen sollten auf keinen Fall die Kamikaze-Rutsche verpassen.</p>";"1";;;;
"49";"190";"de";"Frankreich";"8:00 - 11:00 Uhr/15:00 - 20:00 Uhr";"12.04.2013 - 15.09.2013";"Vom 12.04.2013 bis zum 06.07.2013 und vom 31.08.2013 bis zum 15.09.2013 täglich außer dienstags. Vom 06.07.2013 bis zum 31.08.2013 mittwochs und samstags.";"Der Campingplatz „Domaine du Cros d'Auzon“ empfängt Sie in zauberhafter Natur, direkt am Fluss Ardèche, zwischen der Hochebene des Lava- und Basaltplateaus von Coiron und den Gorges de l'Ardèche gelegen, für erholsame Urlaubstage, die Sie mit sportlichen Aktivitäten abrunden können.";"1";;;;
"5";"191";"de";"Frankreich";"8:00 - 11:00 Uhr/15:00 - 20:00 Uhr";"12.04.2013 - 15.09.2013";"Vom 12.04.2013 bis zum 06.07.2013 und vom 31.08.2013 bis zum 15.09.2013 täglich außer dienstags. Vom 06.07.2013 bis zum 31.08.2013 mittwochs und samstags.";"<p>Wundersch&ouml;n in einem 800 ha gro&szlig;en Pinien- und Eichenwald eingebettet und nur wenige Kilometer vom Strand entfernt genie&szlig;en Sie auf dem Campingplatz &bdquo;Airotel d&#39;Ol&eacute;ron&ldquo; in der Gemeinde Le Ch&acirc;teau d&#39;Ol&eacute;ron einen erholsamen Urlaub im Einklang mit der Natur. Entdecken Sie die 8 umliegenden Str&auml;nde bei einem ausgiebigen Spaziergang oder einem Ausflug zu Pferd.</p>";"1";;;;
"50";"192";"de";"Frankreich";"8:00 - 11:00 Uhr/15:00 - 20:00 Uhr";"15.05.2013 - 15.09.2013";"Vom 15.05.2013 bis zum 06.07.2013 und vom 31.08.2013 bis zum 15.09.2013 täglich außer dienstags. Vom 06.07.2013 bis zum 31.08.2013 mittwochs und samstags.";"Der Campingplatz „Domaine du Verdon“ liegt auf 700 m Höhe vor den bekannten Schluchten Grand Canyon du Verdon und nur einen Kilometer vom Ort Castellane entfernt. „Domaine du Verdon“ ist ein erstklassiger, 14 ha großer, bewaldeter Campingplatz mit provenzalischer Architektur und bietet Ihnen direkten Zugang zum Fluss Verdon. Erleben Sie zahlreiche Möglichkeiten, wie zum Beispiel Kanufahren, Rafting und Wildwasserklettern.";"1";;;;
"52";"194";"de";"Frankreich";"8:00 - 11:00 Uhr/15:00 - 20:00 Uhr";"01.05.2013 - 31.08.2013";"Vom 01.05.2013 bis zum 06.07.2013 täglich außer dienstags. Vom 06.07.2013 bis zum 31.08.2013 mittwochs und samstags.";"Auf einem weitläufigen Gebiet von 6 ha finden Sie sich auf einer Insel des Friedens wieder. Auf dem Campingplatz „L'Eden“ bestimmen Gastlichkeit und Ruhe den Rhythmus Ihrer Ferien. Genießen Sie die Badelandschaft sowie die angebotenen Veranstaltungen und Sportaktivitäten. Zwischen den Orten Lattes und Palavas-les-Flots erwartet der Campingplatz kleine und große Leute.";"1";;;;
"53";"195";"de";"Frankreich";"8:00 - 11:00 Uhr/15:00 - 20:00 Uhr";"30.04.2013 - 15.09.2013";"Vom 30.04.2013 bis zum 06.07.2013 und vom 31.08.2013 bis zum 15.09.2013 täglich außer dienstags. Vom 06.07.2013 bis zum 31.08.2013 mittwochs und samstags.";"<p>Nur 700 m von der Bucht von Arcachon und 7 km vom Meer entfernt empf&auml;ngt Sie der Campingplatz &bdquo;Les Embruns&ldquo; in einem 20 ha gro&szlig;en Park in L&egrave;ge Cap Ferret. Nutzen Sie die gut ausgebauten Radwege mit einer L&auml;nge von 150 km und entdecken Sie entlang Ihrer Radtouren die Sch&ouml;nheit der Natur der Bucht von Arcachon. Kombinieren Sie Erholung mit Dolcefarniente und den zahlreichen Spazierg&auml;ngen, die Sie in der Region unternehmen k&ouml;nnen.</p>";"1";;;;
"54";"196";"de";"Frankreich";"8:00 - 11:00 Uhr/15:00 - 20:00 Uhr";"12.04.2013 - 15.09.2013";"Vom 12.04.2013 bis zum 06.07.2013 und vom 31.08.2013 bis zum 15.09.2013 täglich außer dienstags. Vom 06.07.2013 bis zum 31.08.2013 mittwochs und samstags.";"<p>Im Herzen der Pinienw&auml;lder und an den Ufern des Sees, nur etwa 10 Minuten vom Meer entfernt, empf&auml;ngt Sie der Campingplatz &bdquo;Eurolac&ldquo; in Aureilhan f&uuml;r einen aktiven Urlaub mit zahlreichen Wassersportm&ouml;glichkeiten. Entdecken Sie die gro&szlig;e Badelandschaft der Anlage und verleben Sie einen unvergesslichen, erholsamen Urlaub mit der Familie.</p>";"1";;;;
"56";"198";"de";"Frankreich";"8:00 - 11:00 Uhr/15:00 - 20:00 Uhr";"15.05.2013 - 15.09.2013";"Vom 15.05.2013 bis zum 06.07.2013 und vom 31.08.2013 bis zum 15.09.2013 täglich außer dienstags. Vom 06.07.2013 bis zum 31.08.2013 mittwochs und samstags.";"<p>Lebensfreude, herrliche Natur und beste Gastlichkeit? Der Campingplatz &bdquo;La Farigoulette&ldquo; liegt einzigartig inmitten eines Pinienwaldes, an den Ufern des Sees St Laurent. Nutzen Sie die sportlichen Aktivit&auml;ten im Verdon und besuchen Sie die authentischen D&ouml;rfer in der Umgebung.</p>";"1";;;;
"57";"199";"de";"Frankreich";"8:00 - 11:00 Uhr/15:00 - 20:00 Uhr";"01.05.2013 - 15.09.2013";"Vom 01.05.2013 bis zum 06.07.2013 und vom 31.08.2013 bis zum 15.09.2013 täglich außer dienstags. Vom 06.07.2013 bis zum 31.08.2013 mittwochs und samstags.";"Der Campingplatz „Les Fontaines“ empfängt Sie in der Nähe der feinen Sandstrände von Canet-en-Roussillon und am Rande des Naturschutzgebietes des Teiches von Canet-St-Nazaire auf einem großen ruhigen Naturgelände. Hier steht die Familie im Mittelpunkt: Ihre Kinder können an den Aktivitäten des nahegelegenen Mini-Hofes teilnehmen.";"1";;;;
"6";"202";"de";"Frankreich";"8:00 - 11:00 Uhr/15:00 - 20:00 Uhr";"13.04.2013 - 15.09.2013";"Vom 13.04.2013 bis zum 06.07.2013 und vom 31.08.2013 bis zum 15.09.2013 täglich außer dienstags. Vom 06.07.2013 bis zum 31.08.2013 mittwochs und samstags.";"<p>Der Campingplatz &bdquo;Aluna Vacances&ldquo; in Ruoms liegt im Herzen der s&uuml;dlichen Ard&egrave;che und ihren Schluchten, inmitten zahlreicher wei&szlig;er Eichenb&auml;ume. Diese bildsch&ouml;ne Gr&uuml;nlandschaft verbindet das sie umgebende Wasser und die Natur. Genie&szlig;en Sie das gro&szlig;e Angebot an vielf&auml;ltigen Sportarten und erleben Sie die au&szlig;ergew&ouml;hnliche Badelandschaft.</p>";"1";;;;
"61";"204";"de";"Frankreich";"8:00 - 11:00 Uhr/15:00 - 20:00 Uhr";"20.04.2013 - 14.09.2013";"Vom 20.04.2013 bis zum 06.07.2013 und vom 31.08.2013 bis zum 14.09.2013 täglich außer dienstags. Vom 06.07.2013 bis zum 31.08.2013 mittwochs und samstags.";"Im Herzen der Loire-Schlösser gelegen empfängt der Campingplatz „Château de La Grenouillère“ in Suèvres seine Gäste in einem wunderschönen 11 ha großen Park. Nutzen Sie die schöne Badelandschaft mit 3 Schwimmbecken (davon 1 überdachtes Becken) und einer Wasserrutsche. Das bekannte Schloss Chambord ist nur ca. 10 km entfernt.";"1";;;;
"63";"205";"de";"Frankreich";"8:00 - 11:00 Uhr/15:00 - 20:00 Uhr";"26.04.2013 - 08.09.2013";"Vom 26.04.2013 bis zum 06.07.2013 und vom 31.08.2013 bis zum 08.09.2013 täglich außer dienstags. Vom 06.07.2013 bis zum 31.08.2013 mittwochs und samstags.";"Nur ca. 400 m vom Meer entfernt, auf einem bewaldeten Gelände, ist der Campingplatz „Les Huttes“ ein perfekter Ort für einen Entdeckungs- und Erholungsurlaub. Er befindet sich in der Nähe eines alten Salzgartens, der heute als Vogelreservat dient. Auch ein Besuch der wunderschönen kleinen Stadt Saint Denis d'Oléron lohnt sich unbedingt!";"1";;;;
"64";"206";"de";"Frankreich";"8:00 - 11:00 Uhr/15:00 - 20:00 Uhr";"27.04.2013 - 22.09.2013";"Vom 27.04.2013 bis zum 06.07.2013 und vom 31.08.2013 bis zum 22.09.2013 täglich außer dienstags. Vom 06.07.2013 bis zum 31.08.2013 mittwochs und samstags.";"Der Campingplatz „L'Idéal“ liegt mitten im Grünen, nur ca. 900 m vom Lac d'Annecy entfernt. Er verfügt über eine tolle Badelandschaft mit Wasserrutsche und bietet zahlreiche Sportaktivitäten. Der Berg ruft!";"1";;;;
"65";"207";"de";"Frankreich";"8:00 - 11:00 Uhr/15:00 - 20:00 Uhr";"12.04.2013 - 28.09.2013";"Vom 12.04.2013 bis zum 06.07.2013 und vom 31.08.2013 bis zum 28.09.2013 täglich außer dienstags. Vom 06.07.2013 bis zum 31.08.2013 mittwochs und samstags.";"Der Campingplatz „Les Ilates“ liegt in Loix, im Norden der Ile de Ré. Der lange Landstreifen und die Milde des südländischen Klimas versprechen Ihnen einen Aufenthalt zwischen Meer und Land, mit viel Natur, Ruhe und Entspannung.";"1";;;;
"68";"210";"de";"Spanien";"8:00 - 11:00 Uhr/15:00 - 20:00 Uhr";"27.04.2013 - 15.09.2013";"Vom 27.04.2013 bis zum 06.07.2013 und vom 31.08.2013 bis zum 15.09.2013 täglich außer dienstags. Vom 06.07.2013 bis zum 31.08.2013 mittwochs und samstags.";"<p>Der Campingplatz &bdquo;Internacional Palamos&ldquo; ist ideal gelegen und Sie haben die M&ouml;glichkeit, den spanischen Charme ganz in sich aufzunehmen. Abwechslung pur! Dabei ist das Sonnenbaden am Schwimmbecken nicht zu vernachl&auml;ssigen &ndash; und die Ruhe zu genie&szlig;en.</p>";"1";;;;
"69";"211";"de";"Frankreich";"8:00 - 11:00 Uhr/15:00 - 20:00 Uhr";"18.05.2013 - 14.09.2013";"Vom 18.05.2013 bis zum 06.07.2013 und vom 31.08.2013 bis zum 14.09.2013 täglich außer dienstags. Vom 06.07.2013 bis zum 31.08.2013 mittwochs und samstags.";"Der Campingplatz „Le Jard“, nur ca. 700 m vom Strand entfernt gelegen, empfängt Sie in La Tranche-sur-Mer und bietet Ihnen den perfekten Familienurlaub. Der Ort wird wegen seines besonders angenehmen Klimas und der Beschaffenheit seiner Umwelt auch „das kleine französische Kalifornien“ genannt.";"1";;;;
"70";"213";"de";"Frankreich";"8:00 - 11:00 Uhr/15:00 - 20:00 Uhr";"13.04.2013 - 29.09.2013";"Vom 13.04.2013 bis zum 06.07.2013 und vom 31.08.2013 bis zum 29.09.2013 täglich außer dienstags. Vom 06.07.2013 bis zum 31.08.2013 mittwochs und samstags.";"Erleben Sie Ihren Urlaub am Ufer des Sees in Châtillon en Diois, auf dem wunderschönen, ca. 10 ha großen Campingplatz „Lac Bleu“ in geschützter Natur und im Rhythmus des frischen Quellwassers aus den Alpen.";"1";;;;
"71";"214";"de";"Frankreich";"8:00 - 11:00 Uhr/15:00 - 20:00 Uhr";"01.05.2013 - 15.09.2013";"Vom 01.05.2013 bis zum 06.07.2013 und vom 31.08.2013 bis zum 15.09.2013 täglich außer dienstags. Vom 06.07.2013 bis zum 31.08.2013 mittwochs und samstags.";"An der Kreuzung der Regionen Quercy und Auvergne empfängt Sie der Campingplatz „Lac de Miel“ inmitten von unberührter, geschützter Natur. Sie haben die Wahl zwischen Erholung und Strand sowie Erlebnisurlaub und sportlichen Möglichkeiten. Erfahrene Betreuer und Bademeister begleiten Sie dabei! Mit den Mobilhomes Hélios möchte Vacances directes jedem die Möglichkeit geben, seine Ferien optimal zu genießen.";"1";;;;
"72";"215";"de";"Frankreich";"8:00 - 11:00 Uhr/15:00 - 20:00 Uhr";"27.04.2013 - 08.09.2013";"Vom 27.04.2013 bis zum 06.07.2013 und vom 31.08.2013 bis zum 08.09.2013 täglich außer dienstags. Vom 06.07.2013 bis zum 31.08.2013 mittwochs und samstags.";"<p>Nicht weit von Toulouse, der &bdquo;rosaroten Stadt&ldquo;, entfernt bietet der Campingplatz &bdquo;Lac de Thoux St Cricq&ldquo; eine Welt von unber&uuml;hrter Natur, mit viel Komfort und Entspannung f&uuml;r Ihren Urlaub. Entdecken Sie den 70 ha gro&szlig;en See und machen Sie Erkundungstouren durch die einzigartige Flora und Fauna.</p>";"1";;;;
"74";"217";"de";"Frankreich";"8:00 - 11:00 Uhr/15:00 - 20:00 Uhr";"27.04.2013 - 08.09.2013";"Vom 27.04.2013 bis zum 06.07.2013 und vom 31.08.2013 bis zum 08.09.2013 täglich außer dienstags. Vom 06.07.2013 bis zum 31.08.2013 mittwochs und samstags.";"<p>Der Campingplatz &bdquo;Lou Broustaricq&ldquo; liegt am See von Sanguinet (3.600 ha) im Schutz eines majest&auml;tischen Pinienwaldes. In dieser bemerkenswerten Umgebung bietet er Ihnen viele Aktivit&auml;ten und die wundersch&ouml;ne Badelandschaft l&auml;dt zum Entspannen ein. Wei&szlig;e Sandstr&auml;nde und zahlreiche Wassersportm&ouml;glichkeiten erwarten Sie am nahegelegenen See, auch zum Sonnenbaden!</p>";"1";;;;
"75";"218";"de";"Frankreich";"8:00 - 11:00 Uhr/15:00 - 20:00 Uhr";"01.05.2013 - 29.09.2013";"Vom 01.05.2013 bis zum 06.07.2013 und vom 31.08.2013 bis zum 29.09.2013 täglich außer dienstags. Vom 06.07.2013 bis zum 31.08.2013 mittwochs und samstags.";"Der Campingplatz „Lou Pignada“ in Messanges liegt 50 km vom Baskenland entfernt, zwischen Meer und Wald, und ist der ideale Ort für Ihren dynamischen Urlaub. Genießen Sie die verschiedenen von der Anlage angebotenen Animationen und die wunderschöne Badelandschaft.";"1";;;;
"76";"219";"de";"Frankreich";"8:00 - 11:00 Uhr/15:00 - 20:00 Uhr";"06.04.2013 - 15.09.2013";"Vom 06.04.2013 bis zum 06.07.2013 und vom 31.08.2013 bis zum 15.09.2013 täglich außer dienstags. Vom 06.07.2013 bis zum 31.08.2013 mittwochs und samstags.";"5 Minuten von Les Sables d'Olonne, am Rande eines Waldes, und gerade 2 km von einem feinen Sandstrand entfernt, erwartet Sie das Team des Campingplatzes „La Loubine“ in einer warmen und freundlichen Atmosphäre. Die Wasserrutschen werden Groß und Klein erfreuen ...";"1";;;;
"77";"220";"de";"Frankreich";"8:00 - 11:00 Uhr/15:00 - 20:00 Uhr";"12.04.2013 - 15.09.2013";"Vom 12.04.2013 bis zum 06.07.2013 und vom 31.08.2013 bis zum 15.09.2013 täglich außer dienstags. Vom 06.07.2013 bis zum 31.08.2013 mittwochs und samstags.";"<p>S&uuml;dlich von Sables d&#39;Olonne und 5 Minuten vom Strand Le Veillon entfernt: Lernen Sie den sich auf einem Gel&auml;nde von 5 ha erstreckenden Campingplatz &bdquo;Loyada&ldquo; in Talmont-St-Hilaire kennen. Genie&szlig;en Sie Annehmlichkeiten wie den 300 m&sup2; gro&szlig;en Schwimmbereich, die Wasserrutschen und das &uuml;berdachte Schwimmbecken.</p>";"1";;;;
"81";"225";"de";"Frankreich";"8:00 - 11:00 Uhr/15:00 - 20:00 Uhr";"04.05.2013 - 21.09.2013";"Vom 04.05.2013 bis zum 06.07.2013 und vom 31.08.2013 bis zum 21.09.2013 täglich außer dienstags. Vom 06.07.2013 bis zum 31.08.2013 mittwochs und samstags.";"Fühlen Sie sich wie ein Fisch im Wasser, denn der Campingplatz „Les Marsouins“ in Argelès-sur-Mer bietet Ihnen eine große Badelandschaft mit 3.000 m² Liegefläche. Hier erleben Sie einen traumhaften Urlaub!";"1";;;;
"84";"228";"de";"Frankreich";"8:00 - 11:00 Uhr/15:00 - 20:00 Uhr";"26.04.2013 - 15.09.2013";"Vom 26.04.2013 bis zum 06.07.2013 und vom 31.08.2013 bis zum 15.09.2013 täglich außer dienstags. Vom 06.07.2013 bis zum 31.08.2013 mittwochs und samstags.";"<p>Im Herzen der Region der Seen am Rande des Flusses Ain, einen Katzensprung vom See von Vouglans, bietet Ihnen der Campingplatz &bdquo;Le Moulin&ldquo; in Patornay ein au&szlig;erordentliches bewaldetes 5 ha gro&szlig;es Gel&auml;nde, das alle Naturliebhaber begeistern wird. Zur Freude der Gro&szlig;en und Kleinen gibt es: &uuml;berdachtes Schwimmbecken, Wasserrutsche, Liegefl&auml;che und Spielplatz.</p>";"1";;;;
"85";"229";"de";"Spanien";"8:00 - 11:00 Uhr/15:00 - 20:00 Uhr";"26.04.2013 - 15.09.2013";"Vom 26.04.2013 bis zum 06.07.2013 und vom 31.08.2013 bis zum 15.09.2013 täglich außer dienstags. Vom 06.07.2013 bis zum 31.08.2013 mittwochs und samstags.";"Die gemütliche und ruhige Atmosphäre, die familiäre Betreuung und die einmalige, für die Costa Brava charakteristische Natur, die die Anlage umgibt, machen den Campingplatz „Neptuno“ zu einem idealen Ort, an dem Sie Ihren Urlaub in Pals genießen können.";"1";;;;
"86";"230";"de";"Frankreich";"8:00 - 11:00 Uhr/15:00 - 20:00 Uhr";"04.05.2013 - 14.09.2013";"Vom 04.05.2013 bis zum 06.07.2013 und vom 31.08.2013 bis zum 14.09.2013 täglich außer dienstags. Vom 06.07.2013 bis zum 31.08.2013 mittwochs und samstags.";"Zwischen den Ausläufern der Pyrenäen und dem Mittelmeer erwartet Sie in Le Barcarès der Campingplatz „Oasis“. Genießen Sie wunderschöne Tage an feinen Sandstränden und verbringen Sie einen unvergesslichen Urlaub im Land der Kontraste, wo sich Meer und Gebirge im Glanz der Sonne begegnen.";"1";;;;
"87";"231";"de";"Frankreich";"8:00 - 11:00 Uhr/15:00 - 20:00 Uhr";"13.04.2013 - 14.09.2013";"Vom 13.04.2013 bis zum 06.07.2013 und vom 31.08.2013 bis zum 14.09.2013 täglich außer dienstags. Vom 06.07.2013 bis zum 31.08.2013 mittwochs und samstags.";"Der Campingplatz „Océano d'Or“ liegt in Jard-sur-Mer, einem bezaubernden Yachthafen, und ist mit seinen erstklassigen Einrichtungen ein Ort der Entspannung. Nur 1 km entfernt werden Sie sich auf dem feinen Sandstrand von Boisvinet entspannen und sich den Wassersportarten hingeben, die Ihnen Spaß machen.";"1";;;;
"88";"232";"de";"Frankreich";"8:00 - 11:00 Uhr/15:00 - 20:00 Uhr";"15.06.2013 - 22.09.2013";"Vom 15.06.2013 bis zum 06.07.2013 und vom 31.08.2013 bis zum 22.09.2013 täglich außer dienstags. Vom 06.07.2013 bis zum 31.08.2013 mittwochs und samstags.";"In der Nähe des Zentrums von Bidart bietet Ihnen der Campingplatz „Oyam“ eine familienfreundliche Umgebung für einen angenehmen Urlaub. Die Infrastruktur vor Ort garantiert Ihnen geruhsamen Komfort und sportliche Aktivitäten. In weniger als 1,2 km Entfernung haben Sie Zugang zu den schönsten Stränden an der Baskenküste.";"1";;;;
"9";"234";"de";"Spanien";"8:00 - 11:00 Uhr/15:00 - 20:00 Uhr";"12.04.2013 - 15.09.2013";"Vom 12.04.2013 bis zum 06.07.2013 und vom 31.08.2013 bis zum 15.09.2013 täglich außer dienstags. Vom 06.07.2013 bis zum 31.08.2013 mittwochs und samstags.";"Nahezu direkt am Mittelmeer gelegen profitiert der Campingplatz „L'Ametlla“ von seiner außergewöhnlichen Lage zu zwei kleinen Felsbuchten mit glasklarem Wasser. Die Anlage bietet Ihnen zahlreiche Annehmlichkeiten, wie eine schöne Badelandschaft, einen großen Spielplatz sowie ein gemütliches Restaurant. Einem erholsamen Urlaub in wunderschöner Umgebung steht nichts mehr im Weg!";"1";;;;
"91";"236";"de";"Frankreich";"8:00 - 11:00 Uhr/15:00 - 20:00 Uhr";"11.05.2013 - 15.09.2013";"Vom 11.05.2013 bis zum 06.07.2013 und vom 31.08.2013 bis zum 15.09.2013 täglich außer dienstags. Vom 06.07.2013 bis zum 31.08.2013 mittwochs und samstags.";"Zwischen den Grotten von Lascaux und der bekannten Stadt Rocamadour gelegen erwartet Sie auf dem Campingplatz „Domaine de la Paille Basse“ ein regional typisch nachgestaltetes, altes Dorf. Erleben Sie in diesem „Naturhotel“ in Souillac Komfort und Aktivitäten auf besonderem Niveau.";"1";;;;
"94";"239";"de";"Frankreich";"8:00 - 11:00 Uhr/15:00 - 20:00 Uhr";"27.04.2013 - 22.09.2013";"Vom 27.04.2013 bis zum 06.07.2013 und vom 31.08.2013 bis zum 22.09.2013 täglich außer dienstags. Vom 06.07.2013 bis zum 31.08.2013 mittwochs und samstags.";"<p>Eingebettet in einen wundersch&ouml;nen, 3,5 ha gro&szlig;en Eichenwald bietet Ihnen der Campingplatz &bdquo;Le Parc&ldquo; in Saint-Paul-en-For&ecirc;t einen Hafen des Friedens inmitten der sonnigsten Region Frankreichs. Genie&szlig;en Sie die sportlichen Aktivit&auml;ten und Dolcefarniente in der faszinierenden Umgebung.</p>";"1";;;;
"96";"241";"de";"Frankreich";"8:00 - 11:00 Uhr/15:00 - 20:00 Uhr";"12.04.2013 - 15.09.2013";"Vom 12.04.2013 bis zum 06.07.2013 und vom 31.08.2013 bis zum 15.09.2013 täglich außer dienstags. Vom 06.07.2013 bis zum 31.08.2013 mittwochs und samstags.";"<p>Verbringen Sie Ihren Urlaub in der Natur auf dem Campingplatz &bdquo;Le Petit Bois&ldquo; in Ruoms, umgeben von Fl&uuml;ssen im Herzen der Ard&egrave;che. Entspannen Sie in unserer traumhaften Badelandschaft und entdecken Sie die zahlreichen Sportaktivit&auml;ten und Abendveranstaltungen.</p>";"1";;;;
"97";"242";"de";"Frankreich";"8:00 - 11:00 Uhr/15:00 - 20:00 Uhr";"27.04.2013 - 08.09.2013";"Vom 27.04.2013 bis zum 06.07.2013 und vom 31.08.2013 bis zum 08.09.2013 täglich außer dienstags. Vom 06.07.2013 bis zum 31.08.2013 mittwochs und samstags.";"La Margeride ist eine geheimnisvolle Region, die Sie mit der Schönheit ihrer geschützten Landschaften, wie die Gorges de la Truyère, die Hochebene von Aubrac und der Naturpark Grandes Causses, begeistern wird. Der Campingplatz „Le Petit Bois“ liegt in 920 m Höhe.";"1";;;;
"98";"243";"de";"Frankreich";"8:00 - 11:00 Uhr/15:00 - 20:00 Uhr";"01.05.2013 - 31.08.2013";"Vom 01.05.2013 bis zum 06.07.2013 täglich außer dienstags. Vom 06.07.2013 bis zum 31.08.2013 mittwochs und samstags.";"<p>Der Campingplatz &bdquo;Le Pinada&ldquo; in Villerouge la Cr&eacute;made wird mit seiner nat&uuml;rlichen Umgebung die ganze Familie begeistern. Genie&szlig;en Sie rundum erholsame Ferien. Der 1.000 ha gro&szlig;e Pinienwald hinter dem Campingplatz steht Ihnen zur Verf&uuml;gung und sorgt f&uuml;r einen entspannenden Aufenthalt.</p>";"1";;;;
