1;de;Parzelle bis zu 100 m²;;;;;;;;;;;;;;
1;en;Parcelle jusqu'à 100 m²;;;;;;;;;;;;;;
1;fr;Parcelle jusqu'à 100 m²;;;;;;;;;;;;;;
1;nl;Parcelle jusqu'à 100 m²;;;;;;;;;;;;;;
2;de;Parzelle von 101 bis 110 m²;;;;;;;;;;;;;;
2;en;Parcelle de 101 à 110 m²;;;;;;;;;;;;;;
2;fr;Parcelle de 101 à 110 m²;;;;;;;;;;;;;;
2;nl;Parcelle de 101 à 110 m²;;;;;;;;;;;;;;
3;de;Parzelle von 121 bis 130 m²;;;;;;;;;;;;;;
3;en;Parcelle de 121 à 130 m²;;;;;;;;;;;;;;
3;fr;Parcelle de 121 à 130 m²;;;;;;;;;;;;;;
3;nl;Parcelle de 121 à 130 m²;;;;;;;;;;;;;;
4;de;Parzelle von 131 bis 140 m²;;;;;;;;;;;;;;
4;en;Parcelle de 131 à 140 m²;;;;;;;;;;;;;;
4;fr;Parcelle de 131 à 140 m²;;;;;;;;;;;;;;
4;nl;Parcelle de 131 à 140 m²;;;;;;;;;;;;;;
5;de;Parzelle von 141 bis 150 m²;;;;;;;;;;;;;;
5;en;Parcelle de 141 à 150 m²;;;;;;;;;;;;;;
5;fr;Parcelle de 141 à 150 m²;;;;;;;;;;;;;;
5;nl;Parcelle de 141 à 150 m²;;;;;;;;;;;;;;
6;de;Parzelle von 151 bis 160 m²;;;;;;;;;;;;;;
6;en;Parcelle de 151 à 160 m²;;;;;;;;;;;;;;
6;fr;Parcelle de 151 à 160 m²;;;;;;;;;;;;;;
6;nl;Parcelle de 151 à 160 m²;;;;;;;;;;;;;;
7;de;Parzelle von 161 bis 170 m²;;;;;;;;;;;;;;
7;en;Parcelle de 161 à 170 m²;;;;;;;;;;;;;;
7;fr;Parcelle de 161 à 170 m²;;;;;;;;;;;;;;
7;nl;Parcelle de 161 à 170 m²;;;;;;;;;;;;;;
8;de;Parzelle von 171 bis 180 m²;;;;;;;;;;;;;;
8;en;Parcelle de 171 à 180 m²;;;;;;;;;;;;;;
8;fr;Parcelle de 171 à 180 m²;;;;;;;;;;;;;;
8;nl;Parcelle de 171 à 180 m²;;;;;;;;;;;;;;
9;de;Amical (4 Personen, maximal 3 Erwachsene);;;;;Sie suchen Geselligkeit und möchten sich gleichzeitig entspannen? Vacances directes bietet Ihnen das Mobilhome Amical für 4 Personen an. Hier können Sie neue Energie in einer intimen, angenehmen Atmosphäre tanken ... und sie in freundschaftlicher Erinnerung behalten!;"Empfohlen für 4 Personen: 2 Erwachsene + 2 Kinder, inkl. Baby
Wir akzeptieren maximal 3 Erwachsene (ab 14 Jahren) + 1 Kind, inkl. Baby
";"Größe: 18 m²
6 x 3 m (LxB)
";"1 Schlafzimmer mit 140 x 190 cm großem Bett mit Lattenrost
1 Schlafzimmer mit 2 Stockbetten (80 x 190 cm) mit Lattenrost. Auf bestimmten Campinganlagen sind Einzelbetten vorgesehen
Wohn-/Esszimmer: Kochnische mit Spülbecken, Warmwasserboiler, 4 Gas-Kochplatten, Kühlschrank, Essecke, 1 Tisch und 2 Stühle, Sitz- oder Eckbank. Keine Mikrowelle
Badezimmer mit Dusche und Waschbecken, WC separat";"Innen: Elektroheizung, 2 Gasflaschen
Außen: Beleuchtung, Sonnenschirm (nicht für den Strand geeignet), Gartenmöbel
Elektrizität: 6 Ampere
Parkplatz: In der Regel neben dem Mobilhome (1 Auto pro Mobilhome)
";7-12 Jahre (0-7 Jahre: les Oyats, Petit Bois (Cantal), Palavas Camping, Saint-Louis);Die Aufteilung kann je nach Campingplatz variieren. Nicht alle Mobilhomes sind mit einer Terrasse ausgestattet;Kein Platz für ein Babybett;Auf dem Campingplatz „Palavas Camping“ ist das Mobilhome 27 m² mit Strohdach ausgestattet – maximal 4 Erwachsene.;
9;en;Amical (4 places, max. 3 adultes);;;;;;;;;;;;;;
9;fr;Amical (4 places, max. 3 adultes);;;;;Vous souhaitez allier convivialité et détente ? Vacances directes vous présente le mobil-home Amical 4 places. Il vous permettra de vous ressourcer dans une ambiance intime et confortable... Amicalement vôtre !;"4 personnes
Recommandé : 2 adultes + 2 enfants, bébé compris
Toléré : 3 adultes maxi. + 1 enfant, bébé compris
Adulte : à partir de 14 ans
";"Surface : 18 m²
Longueur 6 m x Largeur 3 m
";"Chambre parents : 1 lit de 140x190 cm avec sommier à lattes
Chambre enfants : 2 lits superposés de 80x190 cm avec sommiers à lattes. Sur certains campings, les lits sont côte à côte
Pièce commune : coin cuisine avec évier, chauffe-eau, gaz 4 feux, réfrigérateur, coin repas, 1 table et 2 tabourets, banquette. Pas de micro-ondes
Sanitaires : salle de bains avec lavabo et douche, WC séparé
";"Intérieur : chauffage électrique, 2 bouteilles de gaz
Extérieur : lumière, parasol non utilisable à la plage, salon de jardin
Electricité : 6 ampères
Parking : sur emplacement pour un seul véhicule (sauf mention contraire)
";7-12 ans (sauf 0-7 ans : les Oyats, Petit Bois (Cantal), Palavas Camping, Saint-Louis);En fonction du camping, l’agencement peut être différent. Tous les hébergements ne sont pas équipés de terrasse;Pas de place pour un lit bébé;Sur Palavas Camping, retrouvez le mobil-home Amical de 27 m² avec paillotte - 4 adultes maxi.;
9;nl;Amical (4 places, max. 3 adultes);;;;;;;;;;;;;;
10;de;Bungalow T2 Luxe (4 Personen, maximal 4 Erwachsene);;;;;;;;;;;;;;
10;en;Bungalow T2 Luxe (4 places, max. 4 adultes);;;;;;;;;;;;;;
10;fr;Bungalow T2 Luxe (4 places, max. 4 adultes);;;;;;;;;;;;;;
10;nl;Bungalow T2 Luxe (4 places, max. 4 adultes);;;;;;;;;;;;;;
11;de;Bungalow T3 (6 Personen, maximal 6 Erwachsene);;;;;;;;;;;;;;
11;en;Bungalow T3 (6 places, max. 6 adultes);;;;;;;;;;;;;;
11;fr;Bungalow T3 (6 places, max. 6 adultes);;;;;;;;;;;;;;
11;nl;Bungalow T3 (6 places, max. 6 adultes);;;;;;;;;;;;;;
12;de;Zelt Canada;;;;;Das geräumige und einladende Zelt Canada kombiniert Originalität und Schlichtheit. Genießen Sie Ihren Urlaub inmitten der Natur.;"5 Personen

";Größe: 20 m²;1 Schlafzimmer mit 140 x 190 cm großem Bett                                                 1 Schlafzimmer mit 1 Stockbett (70 x 180 cm) und 2 Einzelbetten von je 70 x 180 cm (das Stockbett ist nicht für Kinder unter 6 Jahren und Personen mit mehr als 30 kg geeignet)                                                        Wohn-/Esszimmer: Kochnische, Gas, Kühlschrank                                   Terrasse  ;"Innen: 1 Gasflasche
Außen: Beleuchtung, Gartenmöbel
Elektrizität: 6 Ampere
Parkplatz: In der Regel neben dem Zelt (1 Auto pro Zelt)";0-7 Jahre;;Unterkunft ohne Wasser, Heizung und sanitäre Einrichtungen;;
12;en;Tente Canada;;;;;;;;;;;;;;
12;fr;Tente Canada;;;;;Spacieuce et confortable, la tente Canada est un hébergement qui allie originalité et simplicité. Profitez de vos vacances en plein cœur de la nature.;"5 personnes

";Surface : 20 m²;"Chambre parents :  lit de 140x190 cm 1 chambre enfants : 1 lit
superposé de 70x180 cm et 2 lits
de 70 x 180 cm (le lit superposé ne
convient pas aux enfants de moins
de 6 ans et de plus de 30 kg)                         Séjour : coin cuisine, gaz, réfrigérateur                            Terrasse  ";"Intérieur : 1 bouteille de gaz
Extérieur : lumière, salon de jardin
Electricité : 6 ampères
Parking : sur emplacement pour
un seul véhicule (sauf mention contraire)";0-7 ans;;"Hébergement sans arrivée
d’eau, sans sanitaire et
sans chauffage";;
12;nl;Tente Canada;;;;;;;;;;;;;;
13;de;Chalet (4-6 Personen);;;;;Ein idealer Ort inmitten einer zauberhaften Landschaft, um zu zweit oder zusammen mit der Famille mit der Natur anzuknüpfen.;Empfohlen für 6 Personen: 2 Erwachsene + 4 Kinder                      Wir akzeptieren 6 Erwachsene;Größe: 28m²;1 Schlafzimmer mit 120 x 190 cm großem Bett                                                  1 Schlafzimmer mit 2 Einzelbetten von je 70 x 190 cm                                            Ess-/Wohnbereich: Kochnische, Badezimmer mit WC, Wohnzimmer mit Schlafcouch.;"Innen: Elektroheizung, 2 Gasflaschen
Außen: Beleuchtung, Gartenmöbel
Elektrizität: 6 Ampere
Parkplatz: In der Regel neben dem Chalet (1 Auto pro Chalet)
";0-7 Jahre;Die Aufteilung kann je nach Campingplatz variieren.;;;
13;en;Chalet (4-6 places);;;;;;;;;;;;;;
13;fr;Chalet (4-6 places);;;;;"Parfaitement intégré au coeur de paysages magnifiques, il est l’endroit parfait pour renouer avec la nature à deux ou en famille.


";6 personnes Recommandé : 2 adultes+ 4 enfants Toléré : 6 adultes;Surface : 28m²;Chambre parents : 1 lit de 120 cm Chambre enfants : 2x lits de 70 cm Pièce commune : coin cuisine, salle d'eau avec toilette, pièce principale avec canapé convetible.;"Intérieur : chauffage électrique, 2 bouteilles de gaz
Extérieur : lumière, salon de jardin
Electricité : 6 ampères
Parking : sur emplacement pour un seul véhicule (sauf mention contraire)
";0-7 ans;En fonction du camping, l’agencement peut être différent.;;;
13;nl;Chalet (4-6 places);;;;;;;;;;;;;;
14;de;Chalet (5 Personen, maximal 4 Erwachsene);;;;;Ferien einmal ganz anders – dieses Chalet, im Schatten der Bäume gelegen, bietet allen Komfort aus Holz. Zwei Zimmer und eine Terrasse sorgen für ideale und unvergessliche Ferien …;"Empfohlen für 5 Personen: 2 Erwachsene (ab 14 Jahren) + 3 Kinder, inkl. Baby
Wir akzeptieren maximal 4 Erwachsene (ab 14 Jahren) + 1 Kind, inkl. Baby";"Größe: 28 m²
5,95 x  4,80 m (LxB)
";"1 Schlafzimmer mit 140 x 190 cm großem Bett mit Lattenrost
1 Schlafzimmer mit 2 Einzelbetten von 80 x 190 cm mit Lattenrost und 1 Stockbett (nicht für Kinder unter 6 Jahren geeignet) von 80 x 200 cm auf dem Campingplatz „Le Petit Mousse“
Wohn-/Esszimmer: Kochnische mit Spülbecken, Warmwasserboiler, Elektro-Kochplatten, Kühlschrank, Essecke, 1 Tisch und 2 Stühle, Sitz- oder Eckbank, die als Schlafcouch verstellt werden kann (Campingplatz „Le Mas“). Keine Mikrowelle.
Badezimmer mit Dusche und Waschbecken, WC separat";"Innen: Elektroheizung, 2 Gasflaschen
Außen: Beleuchtung, Gartenmöbel
Elektrizität: 6 Ampere
Parkplatz: In der Regel neben dem Chalet (1 Auto pro Chalet)
";Ab 12 Jahren;Die Aufteilung kann je nach Campingplatz variieren.;;;
14;en;Chalet (5 places, max. 4 adultes);;;;;;;;;;;;;;
14;fr;Chalet (5 places, max. 4 adultes);;;;;Pour des vacances atypiques, profitez de ce chalet tout confort en bois, à l'ombre des arbres. Avec ses deux chambres et sa terrasse, c'est un hébergement idéal pour des vacances mémorables.;"5 personnes
Recommandé : 2 adultes + 3 enfants, bébé compris
Toléré : 4 adultes maxi. + 1 enfant, bébé compris
Adulte : à partir de 14 ans
";"Surface : 28 m²
Longueur 5,95 m x Largeur 4,80 m
";"Chambre parents : 1 lit de 140x190 cm avec sommier à lattes
Chambre enfants : 2 lits de 80x190 cm avec sommiers à lattes et 1 lit superposé (déconseillé aux enfants de - 6 ans) de 80x200 cm au camping Le Petit Mousse
Pièce commune : coin cuisine avec évier, chauffe-eau, plaques électriques, réfrigérateur, coin repas, 1 table et 2 tabourets, banquette transformable en lit 1 personne au camping Le Mas. Pas de micro-ondes.
Sanitaires : salle de bains avec lavabo et douche, WC séparé";"Intérieur : chauffage électrique, 2 bouteilles de gaz
Extérieur : lumière, salon de jardin
Electricité : 6 ampères
Parking : sur emplacement pour un seul véhicule (sauf mention contraire)
";Plus de 12 ans;En fonction du camping, l’agencement peut être différent.;;;
14;nl;Chalet (5 places, max. 4 adultes);;;;;;;;;;;;;;
15;de;Chalet (6 Personen);;;;;;;;;;;;;;
15;en;Chalet (6 places);;;;;;;;;;;;;;
15;fr;Chalet (6 places);;;;;;;;;;;;;;
15;nl;Chalet (6 places);;;;;;;;;;;;;;
16;de;Conviviale (5 Personen, maximal 4 Erwachsene);;;;;Der Caravan Conviviale ist die ideale Unterkunft für den Urlaub mit der ganzen Familie. Er ist für 5 Personen vorgesehen und mit einem Vordach und sanitären Einrichtungen ausgestattet. Sie werden jeden Tag aufs Neue die Freude am Wohnen im Freien genießen, in aller Freiheit und Einfachheit ... ;"Empfohlen für 5 Personen: 2 Erwachsene (ab 14 Jahren) + 3 Kinder, inkl. Baby
Wir akzeptieren maximal 4 Erwachsene (ab 14 Jahren) + 1 Kind, inkl. Baby
";"Größe: Conviviale 13 m² + Vordach 12 m²
5,40 x 4,80 m (LxB)
";"1 Schlafzimmer mit 140 x 190 cm großem Bett mit Lattenrost, Schrank
1 Schlafzimmer mit 2 Stockbetten von 70 x 180 cm mit Lattenrost, Essecke, die als Schlafcouch (80 x 180 cm) verstellt werden kann.
Badezimmer mit Waschbecken, Dusche, WC
Unter dem Vordach: Küche mit Kühlschrank, 2 Kochplatten mit 2 Gasflaschen, Schrank (120 x 150 cm), Spülbecken mit Wasseranschluss, Gartenmöbel";"Elektrizität: 220 V sowie Steckdosen
Parkplatz: In der Regel neben dem Caravan (1 Auto pro Caravan)";Ab 12 Jahren;Die Aufteilung kann je nach Campingplatz variieren.;Unterkunft mit sanitären Einrichtungen, ohne Heizung;;
16;en;Conviviale (5 places, max. 4 adultes);;;;;;;;;;;;;;
16;fr;Conviviale (5 places, max. 4 adultes);;;;;La Conviviale est l'hébergement idéal pour des vacances en famille. Cette caravane 5 places avec auvent et sanitaires vous fera redécouvrir toutes les joies et tous les plaisirs de l'hôtellerie de plein air. A vous la liberté et le bonheur simple... ;"5 personnes
Recommandé : 2 adultes + 3 enfants, bébé compris
Toléré : 4 adultes maxi. + 1 enfant, bébé compris
Adulte : à partir de 14 ans
";"Surface : Conviviale 13 m² + auvent 12 m²
Longueur 5,40 m x Largeur 4,80 m
";"Chambre parents : 1 lit de 140x190 cm avec sommier à lattes et penderie
Chambre enfants : 2 lits superposés de 70x180 cm avec sommiers à lattes, dînette se transformant en lit de 80 x 180 cm.
Sanitaires : salle de bains avec lavabo, douche, WC
Sous l’auvent : cuisine avec
réfrigérateur, réchaud 2 feux
avec bouteille de gaz, meuble de
rangement 120 x 150 cm, évier avec
arrivée d’eau, salon de jardin";"Electricité : 220 V + prises
Parking : sur emplacement pour un seul véhicule (sauf mention contraire)";Plus de 12 ans;En fonction du camping, l’agencement peut être différent.;Hébergement avec sanitaires, sans chauffage;;
16;nl;Conviviale (5 places, max. 4 adultes);;;;;;;;;;;;;;
17;de;Cordial (4 Personen);;;;;In diesem gut durchdachten Mobilhome verbringen Sie einen gemütlichen und erholsamen Urlaub.;4 Personen;Größe: 25 m²;"1 Schlafzimmer mit 140 x 190 cm großem Bett
1 Schlafzimmer mit 2 Einzelbetten von 80 x 180 cm
Wohn-/Esszimmer: Kochnische mit Spülbecken, Warmwasserboiler, Kochplatten, Mikrowelle, Kühlschrank, Essecke
Badezimmer mit Waschbecken, Dusche und WC 
";"Innen: Elektroheizung, 2 Gasflaschen
Außen: Beleuchtung, Gartenmöbel
Elektrizität: 6 Ampere
Parkplatz: In der Regel neben dem Mobilhome (1 Auto pro Mobilhome)
";0-7 Jahre;Die Aufteilung kann je nach Campingplatz variieren.;;;
17;en;Cordial (4 places);;;;;;;;;;;;;;
17;fr;Cordial (4 places);;;;;Ce mobil-home bien pensé vous offrira des vacances conviviales et reposantes.;4 personnes;Surface : 25 m²;"Chambre parents : 1 lit de 140x190 cm
Chambre enfants : 2 lits de 80 x 180 cm
Pièce commune : coin cuisine avec évier, chauffe-eau, plaques de cuisson, micro-ondes, réfrigérateur, coin repas
Sanitaires : salle de bains avec lavabo, douche et WC 
";"Intérieur : chauffage électrique, 2 bouteilles de gaz
Extérieur : lumière, salon de jardin
Electricité : 6 ampères
Parking : sur emplacement pour un seul véhicule (sauf mention contraire)
";0-7 ans;En fonction du camping, l’agencement peut être différent.;;;
17;nl;Cordial (4 places);;;;;;;;;;;;;;
18;de;Cordial (6 Personen, maximal 5 Erwachsene);;;;;Sie haben Lust, dem Alltag zu entfliehen, Neues und Authentisches zu entdecken? Vacances directes bietet Ihnen das Mobilhome Cordial für 6 Personen an. Garantiert gelungene Ferien für Groß und Klein!;"Empfohlen für 6 Personen: 2 Erwachsene (ab 14 Jahren) + 4 Kinder, inkl. Baby
Wir akzeptieren maximal 5 Erwachsene (ab 14 Jahren) + 1 Kind, inkl. Baby
";"Größe: 23 m²
7,60 x 3 m (LxB)
";"1 Schlafzimmer mit 140 x 190 cm großem Bett mit Lattenrost
1 Schlafzimmer mit 2 Einzelbetten von 70 x 180 cm mit Lattenrost + 1 Stockbett von 60 x 180 cm (nicht für Kinder unter 6 Jahren geeignet), außer auf dem Campingplatz „La Marine
“
Ess-/Wohnzimmer: Kochnische mit Spülbecken, Warmwasserboiler, 4 Gas-Kochplatten, Mikrowelle, Kühlschrank, Essecke, Sitz- oder Eckbank, die als Schlafcouch von 115 x 180 cm verstellt werden kann (außer in Italien), 1 Tisch und 2 Stühle
Badezimmer mit Waschbecken und Dusche, WC separat (in Italien im Badezimmer integriert)
";"Innen: Elektro-Heizung, 2 Gasflaschen
Außen: Beleuchtung, Sonnenschirm (nicht für den Strand geeignet), Gartenmöbel
Elektrizität: 6 Ampere
Parkplatz: In der Regel neben dem Mobilhome (1 Auto pro Mobilhome)
";0-7 Jahre (7-12 Jahre: le California, le Col Vert, les Marsouins, le Cala Gogo, les Fontaines, le Pinada, la Marine, Camping du Lac, Saint-Louis und ab 12 Jahren: Le Mas);Die Aufteilung kann je nach Campingplatz variieren. Nicht alle Mobilhomes sind mit einer Terrasse ausgestattet;;;
18;en;Cordial (6 places, max. 5 adultes);;;;;;;;;;;;;;
18;fr;Cordial (6 places, max. 5 adultes);;;;;Soif d'évasion, de dépaysement et d'authenticité, Vacances directes met à votre disposition le mobil-home Cordial 6 places qui réjouira petits et grands et assurera la pleine réussite de vos vacances !;"6 personnes
Recommandé : 2 adultes + 4 enfants, bébé compris
Toléré : 5 adultes maxi. + 1 enfant, bébé compris
Adulte : à partir de 14 ans
";"Surface : 23 m²
Longueur 7,60 m x Largeur 3 m
";"Chambre parents : 1 lit de 140x190 cm avec sommier à lattes
Chambre enfants : 2 lits de 70x180 cm avec sommiers à lattes + 1 lit superposé de 60x180 cm (ne convient pas aux enfants de - 6 ans), sauf à La Marine
Pièce commune : coin cuisine avec évier, chauffe-eau, gaz 4 feux, micro-ondes, réfrigérateur, coin repas, banquette transformable en lit de 115x180 cm (sauf en Italie), 1 table et 2 tabourets
Sanitaires : salle de bains avec lavabo et douche, WC séparé (sauf en Italie)
";"Intérieur : chauffage électrique, 2 bouteilles de gaz
Extérieur : lumière, parasol non utilisable à la plage et salon de jardin
Electricité : 6 ampères
Parking : sur emplacement pour un seul véhicule (sauf mention contraire)
";0-7 ans (sauf 7-12 ans : le California, le Col Vert, les Marsouins, le Cala Gogo, les Fontaines, le Pinada, la Marine, Camping du Lac, Saint-Louis et plus de 12 ans : Le Mas);En fonction du camping, l’agencement peut être différent. Tous les hébergements ne sont pas équipés de terrasse;;;
18;nl;Cordial (6 places, max. 5 adultes);;;;;;;;;;;;;;
19;de;Domanial (5 Personen, maximal 5 Erwachsene);;;;;Entdecken Sie das Mobilhome Domanial für 5 Personen, und sehen Sie Ihrem Urlaub mit Freude entgegen.;"Empfohlen für 5 Personen: 2 Erwachsene (ab 14 Jahren) + 3 Kinder, inkl. Baby
Wir akzeptieren maximal 4 Erwachsene (ab 14 Jahren) + 1 Kind, inkl. Baby";"Größe: 31 m²
7,80 m x 4 m (LxB)
";"1 Schlafzimmer mit 140 x 190 cm großem Bett mit Lattenrost (Domaine de Léveno mit einem Bett von 160 x 190 cm)
1 Schlafzimmer mit 2 Einzelbetten von 80 x 190 cm mit Lattenrost
Wohn-/Esszimmer: Kochnische mit Spülbecken, Warmwasserboiler, 4 Gas-Kochplatten, Mikrowelle, Kühlschrank, Essecke mit Sitz- oder Eckbank, die in eine Schlafcouch von 115 x 180 cm verstellt werden kann (Les Deux Fontaines und Loyada sind mit einem 90 x 190 cm großen Bett ausgestattet), 1 Tisch und 4 Stühle
Badezimmer mit Waschbecken und Dusche, WC separat";"Innen: Elektro-Heizung, 2 Gasflaschen
Außen: Beleuchtung, Sonnenschirm (nicht für den Strand geeignet), Gartenmöbel
Elektrizität: 10 Ampere
Parkplatz: In der Regel neben dem Mobilhome (1 Auto pro Mobilhome)
";0-7 Jahre;Die Aufteilung kann je nach Campingplatz variieren. Nicht alle Mobilhomes sind mit einer Terrasse ausgestattet;Keine Sonnenliege;;
19;en;Domanial (5 places, max. 5 adultes);;;;;;;;;;;;;;
19;fr;Domanial (5 places, max. 5 adultes);;;;;Découvrez le Domanial 5 places. Ce mobil-home bien agencé vous attend pour des vacances sous le signe du sourire.;"5 personnes
Recommandé : 2 adultes + 3 enfants, bébé compris
Toléré : 4 adultes maxi. + 1 enfant, bébé compris
Adulte : à partir de 14 ans
";"Surface : 31 m²
Longueur 7,80 m x Largeur 4 m
";"Chambre parents : 1 lit de 140x190 cm avec sommier à lattes (sauf Domaine de Léveno, lit de 160x190 cm)
Chambre enfants : 2 lits de 80x190 cm avec sommiers à lattes
Pièce commune : coin cuisine avec évier, chauffe-eau, gaz 4 feux, micro-ondes, réfrigérateur, coin repas avec banquette transformable en lit de 115x180 cm (sauf Les Deux Fontaines
et Loyada, 90x190 cm), 1 table et 4 chaises
Sanitaires : salle de bains avec lavabo et douche, WC séparé";"Intérieur : chauffage électrique, 2 bouteilles de gaz
Extérieur : lumière, parasol non utilisable à la plage et salon de jardin
Electricité : 10 ampères
Parking : sur emplacement pour un seul véhicule (sauf mention contraire)
";0-7 ans;En fonction du camping, l’agencement peut être différent. Tous les hébergements ne sont pas équipés de terrasse;Bains de soleil non fournis;;
19;nl;Domanial (5 places, max. 5 adultes);;;;;;;;;;;;;;
20;de;Domanial (6 Personen, maximal 5 Erwachsene);;;;;Vacances directes bietet Ihnen das Mobilhome Domanial an, damit jeder seinen Urlaub auf seine ganz persönliche Weise und in einem komfortablen Lebensraum genießen kann! ;"Empfohlen für 6 Personen: 2 Erwachsene (ab 14 Jahren) + 4 Kinder, inkl. Baby
Wir akzeptieren maximal 5 Erwachsene (ab 14 Jahren) + 1 Kind, inkl. Baby";"Größe: 31 m²
7,80 x 4 m (LxB)
";"1 Schlafzimmer mit 140 x 190 cm großem Bett mit Lattenrost
1 Schlafzimmer mit 2 Einzelbetten von 80 x 190 cm mit Lattenrost + 1 Stockbett (nicht für Kinder unter 6 Jahren geeignet) oder 1 Beistellbett von 70 x 190 cm
Wohn-/Esszimmer: Kochnische mit Spülbecken, Warmwasserboiler, 4 Gas-Kochplatten, Mikrowelle, Kühlschrank, Essecke mit Sitz- oder Eckbank, die als Schlafcouch von 115 x 180 cm verstellt werden kann, 1 Tisch und 4 Stühle
Badezimmer mit Waschbecken und Dusche, WC separat";"Innen: Elektro-Heizung, 2 Gasflaschen
Außen: Beleuchtung, Sonnenschirm (nicht für den Strand geeignet), Gartenmöbel
Elektizität: 10 Ampere
Parkplatz: In der Regel neben dem Mobilhome (1 Auto pro Mobilhome)
";0-7 Jahre (7-12 Jahre: le Conguel, Domaine de Kermario, la Loubine, les Deux Plages, les Vignes, le Mas, le Petit Mousse, le Bahia Club, les Fontaines);Die Aufteilung kann je nach Campingplatz variieren. Nicht alle Mobilhomes sind mit einer Terrasse ausgestattet;Keine Sonnenliege;;
20;en;Domanial (6 places, max. 5 adultes);;;;;;;;;;;;;;
20;fr;Domanial (6 places, max. 5 adultes);;;;;Parce que chacun vit ses vacances à son rythme, Vacances directes vous propose le mobil-home Domanial où espace de vie rime avec confort ! ;"6 personnes
Recommandé : 2 adultes + 4 enfants, bébé compris
Toléré : 5 adultes maxi. + 1 enfant, bébé compris
Adulte : à partir de 14 ans
";"Surface : 31 m²
Longueur 7,80 m x Largeur 4 m
";"Chambre parents : 1 lit de 140x190 cm avec sommier à lattes
Chambre enfants : 2 lits de 80x190 cm avec sommiers à lattes + 1 lit superposé (ne convient pas aux enfants de - 6 ans) ou d’appoint de 70x190 cm
Pièce commune : coin cuisine avec évier, chauffe-eau, gaz 4 feux, micro-ondes, réfrigérateur, coin repas avec banquette transformable en lit de 115x180 cm, 1 table et 4 chaises
Sanitaires : salle de bains avec lavabo et douche, WC séparé
";"Intérieur : chauffage électrique, 2 bouteilles de gaz
Extérieur : lumière, parasol non utilisable à la plage et salon de jardin
Electricité : 10 ampères
Parking : sur emplacement pour un seul véhicule (sauf mention contraire)
";0-7 ans (sauf 7-12 ans : le Conguel, Domaine de Kermario, la Loubine, les Deux Plages, les Vignes, le Mas, le Petit Mousse, le Bahia Club, les Fontaines);En fonction du camping, l’agencement peut être différent. Tous les hébergements ne sont pas équipés de terrasse;Bains de soleil non fournis;;
20;nl;Domanial (6 places, max. 5 adultes);;;;;;;;;;;;;;
21;de;Domanial Luxe (6 Personen, maximal 5 Erwachsene);;;;;Jeder hat seine eigenen Bedürfnisse und individuelle Urlaubsansprüche. Aus diesem Grund bietet Ihnen Vacances directes das außergewöhnliche Mobilhome Domanial Luxe – geräumig und mit allem Komfort  ausgestattet – an.;"Empfohlen für 6 Personen: 2 Erwachsene (ab 14 Jahren) + 4 Kinder, inkl. Baby
Wir akzeptieren maximal 5 Erwachsene (ab 14 Jahren) + 1 Kind, inkl. Baby";"Größe: 35 m²
9,72 x 4 m (LxB)
";"1 Schlafzimmer mit 140 x 190 cm großem Bett mit Lattenrost, Rollläden
1 Schlafzimmer mit 2 Einzelbetten von 80 x 190 cm mit Lattenrost, Rollläden
Wohn-/Esszimmer: Kochnische mit Spülbecken, Warmwasserboiler, 4 Gas-Kochplatten, Mikrowelle, Kühlschrank, Essecke mit 1 verlängerbarem Tisch und 4 Stühlen, Wohnbereich mit einer Schlafcouch (160 x 200 cm) und Couchtisch
Badezimmer mit Waschbecken und Dusche, WC separat";"Innen: Elektro-Heizung, 2 Gasflaschen
Außen: Beleuchtung, Sonnenschirm (nicht für den Strand geeignet), Gartenmöbel
Elektrizität: 10 Ampere
Parkplatz: In der Regel neben dem Mobilhome (1 Auto pro Mobilhome)";7-12 Jahre;Die Aufteilung kann je nach Campingplatz variieren. Nicht alle Mobilhomes sind mit einer Terrasse ausgestattet.;;;
21;en;Domanial Luxe (6 places, max. 5 adultes);;;;;;;;;;;;;;
21;fr;Domanial Luxe (6 places, max. 5 adultes);;;;;Parce que chacun a des envies et des exigences propres, Vacances directes vous propose un mobil-home d'exception ! Spacieux et bien équipé, le mobil-home Domanial Luxe vous offrira des vacances tout confort.;"6 personnes
Recommandé : 2 adultes + 4 enfants, bébé compris
Toléré : 5 adultes maxi. + 1 enfant, bébé compris
Adulte : à partir de 14 ans
";"Surface : 35 m²
Longueur 9,72 m x Largeur 4 m
";"Chambre parents : 1 lit de 140x190 cm avec sommier à lattes, volets roulants
Chambre enfants : 2 lits de 80x190 cm avec sommiers à lattes, volets roulants
Pièce commune : coin cuisine avec évier, chauffe-eau, gaz 4 feux, micro-ondes, réfrigérateur, coin repas avec 1 table avec rallonge et 4 chaises, coin séjour avec canapé convertible en couchage 160x200cm et table basse
Sanitaires : salle de bains avec lavabo et douche, WC séparé
";"Intérieur : chauffage électrique, 2 bouteilles de gaz
Extérieur : lumière, parasol non utilisable à la plage et salon de jardin
Electricité : 10 ampères
Parking : sur emplacement pour un seul véhicule (sauf mention contraire)";7-12 ans;En fonction du camping, l’agencement peut être différent. Tous les hébergements ne sont pas équipés de terrasse;;;
21;nl;Domanial Luxe (6 places, max. 5 adultes);;;;;;;;;;;;;;
22;de;Leerer Stellplatz am Meer;;;;;Verbringen Sie ein paar Tage auf dem Campingplatz „Palavas Camping“ in Palavas-les-Flots, und genießen Sie Ihren Urlaub im Freien;Bis maximal 6 Personen;;;Elektrizitätsanschluss;;Wir akzeptieren 1 Auto pro Stellplatz;;;
22;en;Emplacement nu face mer;;;;;;;;;;;;;;
22;fr;Emplacement nu face mer;;;;;"Passez quelques jours ou plus au Palavas Camping,
à Palavas-les-Flots. 
et profitez des joies du plein-air";Jusqu'à 6 personnes maximum;;;Accès à l'électricité;;Un seul véhicule est autorisé par emplacement ;;;
22;nl;Emplacement nu face mer;;;;;;;;;;;;;;
23;de;Leerer Stellplatz;;;;;Verbringen Sie ein paar Tage auf dem Campingplatz „Domaine de Kermario“ in Carnac oder auf dem Campingplatz „Palavas Camping“ in Palavas-les-Flots, und genießen Sie Ihren Urlaub im Freien;Bis maximal 6 Personen;;;Elektrizitätsanschluss;;Wir akzeptieren 1 Auto pro Stellplatz;;;
23;en;Emplacement nu;;;;;;;;;;;;;;
23;fr;Emplacement nu;;;;;"Passez quelques jours ou plus
sur le Domaine de Kermario,
à Carnac ou
au Palavas Camping,
à Palavas-les-Flots. 
et profitez des joies du plein-air";Jusqu'à 6 personnes maximum;;;Accès à l'électricité;;Un seul véhicule est autorisé par emplacement ;;;
23;nl;Emplacement nu;;;;;;;;;;;;;;
24;de;Estivale (5 Personen, maximal 4 Erwachsene);;;;;Sie möchten Ihren Urlaub in aller Einfachheit genießen? Der Caravan „Estivale“ ist die richtige Unterkunft, um das Leben im Freien zu verbringen. Vacances directes bietet Ihnen diesen Caravan für 5 Personen ohne sanitäre Einrichtungen und mit Vordach ausgestattet an, damit Sie die Aktivitäten, die auf dem Campingplatz und in seiner Umgebung geboten werden, vollständig nutzen können.;"Empfohlen für 5 Personen: 2 Erwachsene + 3 Kinder, inkl. Baby
Wir akzeptieren maximal 4 Erwachsene (ab 14 Jahren) + 1 Kind, inkl. Baby";"Größe: Estivale 10 m² + Vordach 11 m²
4,60 x 4,65 m (LxB)
";"1 Schlafzimmer mit 140 x 190 cm großem Bett mit Lattenrost, Schrank
1 Schlafzimmer: 2 Stockbetten von 70 x 180 cm mit Lattenrost, Essecke, die als Schlafcouch von 70 x 180 cm verstellt werden kann
Unter dem Vordach: Küche mit Kühlschrank, 2 Kochplatten mit Gasflasche, Schrank (120 x 150 cm), Gartenmöbel";"Elektrizität: 220 V + Steckdosen
Parkplatz: In der Regel neben dem Caravan (1 Auto pro Caravan)";Ab 12 Jahren;Die Aufteilung kann je nach Campingplatz variieren.;Unterkunft ohne Wasseranschluss, sanitäre Einrichtungen und Heizung;;
24;en;Estivale (5 places, max. 4 adultes);;;;;;;;;;;;;;
24;fr;Estivale (5 places, max. 4 adultes);;;;;Pour ceux qui apprécient la simplicité, l’Estivale sera l’hébergement idéal des vacances en plein air. Vacances directes met à votre disposition cette caravane 5 places sans sanitaires avec auvent pour profiter pleinement des activités du camping et de ses environs.;"5 personnes
Recommandé : 2 adultes + 3 enfants, bébé compris
Toléré : 4 adultes maxi. + 1 enfant, bébé compris
Adulte : à partir de 14 ans
";"Surface : Estivale 10 m² + auvent 11 m²
Longueur 4,60 m x Largeur 4,65 m
";"Chambre parents : 1 lit de 140x190 cm avec sommier à lattes, penderie
Chambre enfants : 2 lits superposés de 70x180 cm avec sommiers à lattes, dînette se transformant en lit de 70 x 180 cm
Sous l’auvent : cuisine avec réfrigérateur, réchaud 2 feux avec bouteille de gaz, meuble de rangement 120 x 150 cm, salon de jardin";"Electricité : 220 V + prises
Parking : sur emplacement pour un seul véhicule (sauf mention contraire)";Plus de 12 ans;En fonction du camping, l’agencement peut être différent.;Hébergement sans arrivée d’eau, sans sanitaires et sans chauffage;;
24;nl;Estivale (5 places, max. 4 adultes);;;;;;;;;;;;;;
25;de;Familial (5 Personen, maximal 5 Erwachsene), klimatisiert;;;;;Sie haben Lust, dem Alltag zu entfliehen, Neues und Authentisches zu entdecken? Durch die Klimaanlage wird der vom Mobilhome Familial für 5 Personen gebotene Komfort noch abgerundet!;"Empfohlen für 5 Personen: 2 Erwachsene + 3 Kinder, inkl. Baby
Wir akzeptieren maximal 5 Erwachsene. 

";"Größe: 26 m²

";"1 Schlafzimmer mit 140 x 190 cm großem Bett mit Lattenrost, Schrank
1 Schlafzimmer mit 2 Einzelbetten von 80 x 190 cm mit Lattenrost + 1 Stockbett (nicht für Kinder unter 6 Jahren geeignet)
Wohn-/Esszimmer: Kochnische mit Spülbecken, Warmwasserboiler, 4 Gas-Kochplatten, Mikrowelle, Kühlschrank, Essecke
Badezimmer mit Waschbecken und Dusche, WC separat";"Innen: Elektro-Heizung, 2 Gasflaschen
Außen: Beleuchtung, Sonnenschirm (nicht für den Strand geeignet), Gartenmöbel
Elektrizität: 10 Ampere
Parkplatz: In der Regel neben dem Mobilhome (1 Auto pro Mobilhome)
";0-7 Jahre;Die Aufteilung kann je nach Campingplatz variieren.;;;
25;en;Familial (5 places, max. 5 adultes) climatisé;;;;;;;;;;;;;;
25;fr;Familial (5 places, max. 5 adultes) climatisé;;;;;Soif d'évasion, de dépaysement et d'authenticité, le mobil-home Familial 5 places assurera le plein confort grâce à la climatisation!;"5 personnes
Recommandé : 2 adultes + 3 enfants, bébé compris
Toléré : 5 adultes maxi. 

";"Surface : 26 m²

";"Chambre parents : 1 lit de 140x190 cm avec sommier à lattes, penderie
Chambre enfants : 2 lits de 80x190 cm avec sommiers à lattes + 1 lit superposé (ne convient pas aux enfants de - 6 ans)
Pièce commune : coin cuisine avec évier, chauffe-eau, gaz 4 feux, micro-ondes, réfrigérateur, coin repas
Sanitaires : salle de bains avec lavabo et douche, WC séparé";"Intérieur : chauffage électrique, 2 bouteilles de gaz
Extérieur : lumière, parasol non utilisable à la plage et salon de jardin
Electricité : 10 ampères
Parking : sur emplacement pour un seul véhicule (sauf mention contraire)
";0-7 ans;En fonction du camping, l’agencement peut être différent.;;;
25;nl;Familial (5 places, max. 5 adultes) climatisé;;;;;;;;;;;;;;
26;de;Familial (6 Personen, maximal 5 Erwachsene);;;;;Dieses Mobilhome wird insbesondere von Familien geschätzt. Es bietet Platz für 6 Personen und kombiniert Funktionalität mit großem Komfort – für ein sorgenloses Urlaubserlebnis!;"Empfohlen für 6 Personen: 2 Erwachsene (ab 14 Jahren) + 4 Kinder, inkl. Baby
Wir akzeptieren maximal 5 Erwachsene (ab 14 Jahren) + 1 Kind, inkl. Baby";"Größe: 29 m²
7,20 x 4 m (LxB)
";"1 Schlafzimmer mit 140 x 190 cm großem Bett mit Lattenrost
1 Schlafzimmer mit 2 Einzelbetten von 70 x 190 cm mit Lattenrost und 1 Stockbett (nicht geeignet für Kinder unter 6 Jahren) oder 1 Beistellbett von 60 x 190 cm
Wohn- und Esszimmer: Kochnische mit Spülbecken, Warmwasserboiler, 4 Gas-Kochplatten, Mikrowelle, Kühlschrank mit Gefrierfach, Essecke mit Sitz- oder Eckbank, die als Schlafcouch (115 x 180 cm) verstellt werden kann, 1 Tisch und 4 Stühle
Badezimmer mit Waschbecken und Dusche, WC separat";"Innen: Elektroheizung, 2 Gasflaschen
Außen: Beleuchtung, Sonnenschirm (nicht für den Strand geeignet), Gartenmöbel
Elektrizität: 10 Ampere
Parkplatz: In der Regel neben dem Mobilhome (1 Auto pro Mobilhome)
";"0-7 Jahre (7-12 Jahre: le Conguel, Domaine d'Inly, les Amiaux, le
California, la Loubine, le Bois Soleil,l’Océano d’Or, Domaine d’Oléron,
Signol, les Deux Plages, Domaine
des Charmilles, le Mas, Domaine des
Chênes Verts, la Ribeyre, Caussanel,
le Moulin, les Sources, Parc de la
Grenouillère, la Coste Rouge,
le Roussillonnais, le Cala Gogo,les Fontaines, le Bahia Club, le Petit Mousse, Camping du Lac)";Die Aufteilung kann je nach Campingplatz variieren.;;;
26;en;Familial (6 places, max. 5 adultes);;;;;;;;;;;;;;
26;fr;Familial (6 places, max. 5 adultes);;;;;Particulièrement prisé des familles, ce mobil-home 6 places allie la fonctionnalité au grand confort. Tout est fait pour que vous en profitiez au maximum, l'esprit libre ! ;"6 personnes
Recommandé : 2 adultes + 4 enfants, bébé compris
Toléré : 5 adultes maxi. + 1 enfant, bébé compris
Adulte : à partir de 14 ans
";"Surface : 29 m²
Longueur 7,20 m x Largeur 4 m
";"Chambre parents : 1 lit de 140x190 cm avec sommier à lattes
Chambre enfants : 2 lits de 70x190 cm avec sommiers à lattes + 1 lit superposé (ne convient pas aux enfants de - 6 ans) ou d’appoint de 60x190 cm
Pièce commune : coin cuisine avec évier, chauffe-eau, gaz 4 feux, micro-ondes, combiné réfrigérateur-congélateur, coin repas avec banquette transformable en lit de 115x180 cm, 1 table et 4 chaises
Sanitaires : salle de bains avec lavabo et douche, WC séparé
";"Intérieur : chauffage électrique, 2 bouteilles de gaz
Extérieur : lumière, parasol non utilisable à la plage et salon de jardin
Electricité : 10 ampères
Parking : sur emplacement pour un seul véhicule (sauf mention contraire)
";"0-7 ans (sauf 7-12 ans : le Conguel, Domaine d'Inly, les Amiaux, le
California, la Loubine, le Bois Soleil,l’Océano d’Or, Domaine d’Oléron,
Signol, les Deux Plages, Domaine
des Charmilles, le Mas, Domaine des
Chênes Verts, la Ribeyre, Caussanel,
le Moulin, les Sources, Parc de la
Grenouillère, la Coste Rouge,
le Roussillonnais, le Cala Gogo,les Fontaines, le Bahia Club, le Petit Mousse, Camping du Lac)";En fonction du camping, l’agencement peut être différent.;;;
26;nl;Familial (6 places, max. 5 adultes);;;;;;;;;;;;;;
27;de;Familial (6 Personen, maximal 5 Erwachsene), klimatisiert;;;;;;;;;;;;;;
27;en;Familial (6 places, max. 5 adultes) Climatisé;;;;;;;;;;;;;;
27;fr;Familial (6 places, max. 5 adultes) Climatisé;;;;;;;;;;;;;;
27;nl;Familial (6 places, max. 5 adultes) Climatisé;;;;;;;;;;;;;;
28;de;Familial (6 Personen) mit Blick auf den See;;;;;Dieses Mobilhome wird insbesondere von Familien geschätzt. Es bietet Platz für 6 Personen und einen Blick auf den See –  für einen erholsamen Urlaub! ;"Empfohlen für 6 Personen: 2 Erwachsene + 4 Kinder, inkl. Baby
Wir akzeptieren maximal 6 Erwachsene. 

";"Größe: 28 m²
";"1 Schlafzimmer mit 140 x 190 cm großem Bett mit Lattenrost
1 Schlafzimmer mit 2 Einzelbetten von 80 x 190 cm mit Lattenrost    Wohn-/Esszimmer: Kochnische mit Spülbecken, Warmwasserboiler, 4 Gas-Kochplatten, Mikrowelle, Kühlschrank mit Gefrierfach, Essecke mit Sitz- oder Eckbank, die als Schlafcouch (115 x 180 cm) verstellt werden kann, 1 Tisch und 4 Stühle
Badezimmer mit Waschbecken und Dusche, WC separat
";"Innen: Elektroheizung, 2 Gasflaschen
Außen: Beleuchtung, Sonnenschirm (nicht für den Strand geeignet), Gartenmöbel
Elektrizität: 10 Ampere
Parkplatz: In der Regel neben dem Mobilhome (1 Auto pro Mobilhome)";0-7 Jahre;Die Aufteilung kann je nach Campingplatz variieren.;;;
28;en;Familial (6 places) vue lac;;;;;;;;;;;;;;
28;fr;Familial (6 places) vue lac;;;;;Particulièrement prisé des familles, ce mobil-home 6 places avec vue sur le lac, donnera un côté reposant à vos vacances ! ;"6 personnes
Recommandé : 2 adultes + 4 enfants, bébé compris
Toléré : 6 adultes maxi. 

";"Surface : 28 m²
";"Chambre parents : 1 lit de 140x190 cm avec sommier à lattes
Chambre enfants : 2 lits de 80x190 cm avec sommiers à lattes Pièce commune : coin cuisine avec évier, chauffe-eau, gaz 4 feux, micro-ondes, combiné réfrigérateur-congélateur, coin repas avec banquette transformable en lit de 115x180 cm, 1 table et 4 chaises
Sanitaires : salle de bains avec lavabo et douche, WC séparé
";"Intérieur : chauffage électrique, 2 bouteilles de gaz
Extérieur : lumière, parasol non utilisable à la plage et salon de jardin
Electricité : 10 ampères
Parking : sur emplacement pour un seul véhicule (sauf mention contraire)
";0-7 ans;En fonction du camping, l’agencement peut être différent.;;;
28;nl;Familial (6 places) vue lac;;;;;;;;;;;;;;
29;de;Hélios (6 Personen, maximal 5 Erwachsene);;;;;Entdecken Sie das behindertengerecht eingerichtete Mobilhome Hélios für 6 Personen.;"Empfohlen für 6 Personen: 2 Erwachsene (ab 14 Jahren) + 4 Kinder, inkl. Baby
Wir akzeptieren maximal 5 Erwachsene (ab 14 Jahren). 

";"Größe: 21 m²
7,92 m (davon 2,10 m überdachte Terrasse)x 3,90 m (LxB)
";"1 Schlafzimmer mit 140 x 190 cm großem Bett mit Lattenrost
1 Schlafzimmer mit 2 Einzelbetten von 90 x 190 cm mit Lattenrost ( + 1 höhenverstellbares Bett)           Wohn-/Esszimmer: Kochnische mit Spülbecken, Warmwasserboiler, 4-Gas-Kochplatten, Mikrowelle, Kühlschrank mit Gefrierfach, Essecke mit Sitz- oder Eckbank, die als Schlafcouch (115 x 180 cm) verstellt werden kann, 1 Tisch und 4 Stühle
Badezimmer mit Waschbecken und Dusche, WC separat";"Innen: Elektroheizung, 2 Gasflaschen
Außen: Beleuchtung, Sonnenschirm (nicht für den Strand geeignet), Gartenmöbel
Elektrizität: 10 Ampere
Parkplatz: In der Regel neben dem Mobilhome (1 Auto pro Mobilhome)
";0-7 Jahre;Die Aufteilung kann je nach Campingplatz variieren.;;;
29;en;Hélios (6 places, max. 5 adultes);;;;;;;;;;;;;;
29;fr;Hélios (6 places, max. 5 adultes);;;;;Découvrez le modèle Hélios 6 places. Ce mobil-home bien agencé est adapté aux personnes à mobilité réduite.;"6 personnes
Recommandé : 2 adultes + 4 enfants, bébé compris
Toléré : 5 adultes maxi. Adulte à partir de 14 ans. 

";"Surface : 21 m²
Longueur 7,92 m ( dont 2,10 m de terrasse couverte)x Largeur 3,90 m
";"Chambre parents : 1 lit de 140x190 cm avec sommier à lattes
Chambre enfants : 2 lits de 90x190 cm avec sommiers à lattes ( + 1 lit rabbatable en hauteur) Pièce commune : coin cuisine avec évier, chauffe-eau, gaz 4 feux, micro-ondes, combiné réfrigérateur-congélateur, coin repas avec banquette transformable en lit de 115x180 cm, 1 table et 4 chaises
Sanitaires : salle de bains avec lavabo et douche, WC séparé
";"Intérieur : chauffage électrique, 2 bouteilles de gaz
Extérieur : lumière, parasol non utilisable à la plage et salon de jardin
Electricité : 10 ampères
Parking : sur emplacement pour un seul véhicule (sauf mention contraire)
";0-7 ans;En fonction du camping, l’agencement peut être différent.;;;
29;nl;Hélios (6 places, max. 5 adultes);;;;;;;;;;;;;;
30;de;Logial (5 Personen, maximal 4 Erwachsene);;;;;Profitieren Sie von unserem Mobilhome Logial und seinem unbestreitbaren Trumpf, der überdachten Terrasse, die Sie zum Ausruhen, Entspannen und Faulenzen einlädt. Die beiden nebeneinanderliegenden Zimmer sorgen für einen schönen Urlaub für die ganze Familie! ;"Empfohlen für 5 Personen: 2 Erwachsene + 3 Kinder, inkl. Baby
Wir akzeptieren maximal 4 Erwachsene (ab 14 Jahren) + 1 Kind, inkl. Baby";"Größe: 32 m²
8,52 x Breite 4 m (LxB)";"1 Schlafzimmer mit 140 x 190 cm großem Bett mit Lattenrost
1 Schlafzimmer mit 2 Einzelbetten von  70 x 190 cm mit Lattenrost
+ 1 Beistellbett von 70 x 165 cm (außer auf dem Campingplatz „Palavas Camping“)
Wohn-/Esszimmer: Kochnische mit Spülbecken, Wasserboiler, 4 Gas-Kochplatten, Mikrowelle, Kühlschrank, Essecke mit Sitz- oder Eckbank.";"Innen: Elektroheizung, 2 Gasflaschen
Außen: Beleuchtung, Sonnenschirm (nicht für den Strand geeignet), Gartenmöbel
Elektrizität: 10 Ampere
Parkplatz: In der Regel neben dem Mobilhome (1 Auto pro Mobilhome)
";"7-12 Jahre (0-7 Jahre: Eden,
Palavas Camping)";Die Aufteilung kann je nach Campingplatz variieren.;Kein Platz für ein Babybett;;
30;en;Logial (5 places, max. 4 adultes);;;;;;;;;;;;;;
30;fr;Logial (5 places, max. 4 adultes);;;;;Profitez du Logial et de son atout incontestable : sa terrasse couverte au bout du mobil-home : repos, détente et farniente seront au rendez-vous. Ses deux chambres côte à côte permettront à toute la famille de passer de bonnes vacances ! ;"5 personnes
Recommandé : 2 adultes + 3 enfants, bébé compris
Toléré : 4 adultes maxi. + 1 enfant, bébé compris
Adulte : à partir de 14 ans
";"Surface : 32 m²
Longueur 8,52 m x Largeur 4 m
";"Chambre parents : 1 lit de
140x190 cm avec sommier à lattes
E Chambre enfants : 2 lits de
70x190 cm avec sommiers à lattes
+ 1 lit d’appoint de 70x165 cm (sauf
Palavas Camping)
E Pièce commune : coin cuisine
avec évier, chauffe-eau, gaz
4 feux, micro-ondes, réfrigérateur, coin repas avec banquette.";"Intérieur : chauffage électrique, 2 bouteilles de gaz
Extérieur : lumière, parasol non utilisable à la plage et salon de jardin
Electricité : 10 ampères
Parking : sur emplacement pour un seul véhicule (sauf mention contraire)
";"7-12 ans (sauf 0-7 ans : eden,
Palavas Camping)";En fonction du camping, l’agencement peut être différent.;Pas de place pour un lit bébé;;
30;nl;Logial (5 places, max. 4 adultes);;;;;;;;;;;;;;
31;de;Maisonnette (2 Zimmer, 4-6 Personen), klimatisiert;;;;;Mit dem Komfort, den diese klimatisierten Maisonnette-Häuser bieten, ist Ihr Urlaub mit Sicherheit ein voller Erfolg;"Empfohlen für 6 Personen: 2 Erwachsene + 4 Kinder.
Wir akzeptieren maximal 6 Erwachsene.";"Größe: 31 m²

";1 Wohnbereich, ausgestattet mit einer Schlafcouch und einem Raum mit 2 Stockbetten (70 x 190 cm), einer Kochnische, 1 Zimmer mit einem Einzelbett (140 x 190 cm) und einem Waschraum mit Toilette, der von jeden Schlafzimmer aus zugänglich ist.;Kochnische mit Mikrowelle, Kühlschrank mit Gefrierfach, Kaffeemaschine, Küchenutensilien, Kochplatten, Waschraum mit Toilette;0-7 Jahre;;;;
31;en;Maisonnette (2 pièces 4-6 places) clim;;;;;;;;;;;;;;
31;fr;Maisonnette (2 pièces 4-6 places) clim;;;;;Profitez du confort de ces maisonnettes pour des vacances réussies (climatisation);"6 personnes
Recommandé : 2 adultes + 4 enfants.
Toléré : 6 adultes maxi. 

";"Surface : 31 m²

";"Composé d'un séjour avec un canapé convertible et d'une cabine avec 2 lits superposés de 70, d'un coin cuisine, d'une chambre avec un lit de 140 et d'une salle d'eau avec toilette accessible par la chambre.
";Kitchenette comprenant micro-onde, réfrigirateur avec freezer, cafetière, ustensiles de cuisine, plaques de cuisson. 1 salle d'eau avec toilette;0-7 ans;;;;
31;nl;Maisonnette (2 pièces 4-6 places) clim;;;;;;;;;;;;;;
32;de;Maisonnette (2 Zimmer 2-4 Personen), ohne Klimaanlage;;;;;Genießen Sie den Komfort dieser voll ausgestatteten und eingerichteten Maisonnette-Häuser mit Terrasse;"Empfohlen für 4 Personen: 2 Erwachsene + 2 Kinder
Wir akzeptieren maximal 4 Erwachsene. 

";"Größe: 31 m²

";Kochnische, Waschraum mit Toilette, 1 Schlafzimmer mit einem großen Doppelbett (160 x 190 cm) und eine Schlafcouch im Wohnzimmer.;Kochnische mit Mikrowelle, Kühlschrank mit Gefrierfach, Kaffeemaschine, Küchenutensilien, Kochplatten. Waschraum mit Toilette;0-7 Jahre;;;;
32;en;Maisonnette (2 pièces 2-4 places) sans clim;;;;;;;;;;;;;;
32;fr;Maisonnette (2 pièces 2-4 places) sans clim;;;;;Profitez du confort de maisonnettess équipées et meublées avec terrasse.;"4 personnes
Recommandé : 2 adultes + 2 enfants
Toléré : 4 adultes maxi. 

";"Surface : 31 m²

";"Coin cuisine,une salle d'eau avec toilette, une chambre avec un grand lit double 160 et d'un canapé convertible dans le séjour.
";Kitchenette comprenant micro-onde, réfrigirateur avec freezer, cafetière, ustensiles de cuisine, plaques de cuisson. 1 salle d'eau avec toilette;0-7 ans;;;;
32;nl;Maisonnette (2 pièces 2-4 places) sans clim;;;;;;;;;;;;;;
33;de;Océane (4 Personen, maximal 4 Erwachsene);;;;;;;;;;;;;;
33;en;Océane (4 places, max. 4 adultes);;;;;;;;;;;;;;
33;fr;Océane (4 places, max. 4 adultes);;;;;;;;;;;;;;
33;nl;Océane (4 places, max. 4 adultes);;;;;;;;;;;;;;
34;de;O'Hara (6 Personen, maximal 5 Erwachsene);;;;;;;;;;;;;;
34;en;O'Hara (6 places, max. 5 adultes);;;;;;;;;;;;;;
34;fr;O'Hara (6 places, max. 5 adultes);;;;;;;;;;;;;;
34;nl;O'Hara (6 places, max. 5 adultes);;;;;;;;;;;;;;
35;de;Pagotel (5 Personen), klimatisiert;;;;;Entdecken Sie diese raffiniert konzipierte Unterkunft mit Klimaanlage – eine Mischung aus Zelt und Mobilhome für einen außergewöhnlichen und Energie spendenden Urlaub.;"Empfohlen für 5 Personen: 2 Erwachsene + 3 Kinder.
Wir akzeptieren maximal 5 Erwachsene. 

";"Größe: 25 m²

";"1 Schlafzimmer mit Doppelbett (120 x 190 cm), 1 Schlafzimmer mit 2 Stockbetten und 1 Einzelbett von 80 x 190 cm, Nachttisch und Schrank in beiden Schlafzimmern. 

Kochnische mit Kochplatte, Spülbecken, Geschirrständer, Kühlschrank, 1 Hoch- und Unterschrank, Waschraum mit Dusche, Waschbecken, WC.";Beleuchtung, Elektrizität, Heizung. Fließendes kaltes und warmes Wasser. Klimaanlage, Vordach, Terrasse und Gartenmöbel.;0-7 Jahre;;;;
35;en;Pagotel (5 places) climatisé;;;;;;;;;;;;;;
35;fr;Pagotel (5 places) climatisé;;;;;Découvrez cet habitat climatisé, ingénieux entre tente et mobil-home, pour des vacances originales et ressourçantes.;"5 personnes
Recommandé : 2 adultes + 3 enfants.
Toléré : 5 adultes maxi. 

";"Surface : 25 m²

";"1 chambre avec lit double en 120, 1 chambre avec 2 lits simples superposés et 1 lit simple 80, chevet et penderie dans les 2 chambres. 

Kitchenette équipée d'une plaque de cuisson, évier, égouttoir, réfrigérateur, 1 placard haut et bas, salle d'eau avec douche, lavabo, WC.



";Eclairage, branchements électriques, chauffage. Eau courant chaude/froide. Climatisation, auvent extérieur, terrasse et salon de jardin.;0-7 ans;;;;
35;nl;Pagotel (5 places) climatisé;;;;;;;;;;;;;;
36;de;Résidential (4 Personen, maximal 4 Erwachsene);;;;;Sie werden das Mobilhome Résidential mit seiner überdachten Terrasse und der bequemen Ausstattung zu schätzen wissen und einen rundum gelungenen Urlaub genießen!;"Empfohlen für 4 Personen: 2 Erwachsene (ab 14 Jahren) + 2 Kinder, inkl. Baby
Wir akzeptieren maximal 4 Erwachsene (ab 14 Jahren).";"Größe ohne Terrasse: 21 m²
7,92 m (davon 2,10 m überdachte Terrasse) x 3,90 m (LxB)";"1 Schlafzimmer mit 140 x 190 cm großem Bett mit Lattenrost
1 Schlafzimmer mit 2 Einzelbetten von 70 x 190 cm mit Lattenrost,
1 Stockbett oder Beistellbett (außer Domaine de Kermario,
Lou Broustaricq, Playa Joyel)
Wohn-/Esszimmer: Kochnische mit Spülbecken, Warmwasserboiler, 4 Gas-Kochplatten, Mikrowelle, Kühlschrank, Essecke mit Sitz- oder Eckbank, die als Schlafcouch (140 x 190 cm) verstellt werden kann,
1 Tisch und 2 Hocker
Badezimmer mit Waschbecken und Dusche, WC separat";"Innen: Elektroheizung,
2 Gasflaschen
Außen: Beleuchtung, Gartenmöbel
Elektrizität: 6 Ampere
Parkplatz: In der Regel neben dem Mobilhome (1 Auto pro Mobilhome)";0-7 Jahre;;Kein Platz für ein Babybett;;
36;en;Résidential (4 Places, max. 4 adultes);;;;;;;;;;;;;;
36;fr;Résidential (4 Places, max. 4 adultes);;;;;Vous apprécierez ce mobil-home résidential avec sa terrasse couverte, et son équipement confortable pour des vacnaces réussies !;"4 personnes
Recommandé : 2 adultes + 2 enfants, bébé compris
Toléré : 4 adultes maxi.
Adulte : à partir de 14 ans
";"Surface hors terrasse : 21 m²
Longueur 7,92 m (dont 2,10 m de
terrasse couverte) x Largeur 3,90 m";"Chambre parents : 1 lit de
140x190 cm avec sommier à lattes
Chambre enfants : 2 lits de
70x190 cm avec sommiers à lattes,
1 lit superposé ou d’appoint (sauf
Domaine de Kermario,
Lou Broustaricq, Playa Joyel)
Pièce commune : coin cuisine
avec évier, chauffe-eau, gaz
4 feux, micro-ondes, réfrigérateur,
coin repas avec banquette
transformable en lit de 140x190 cm,
1 table et 2 tabourets
Sanitaire : salle de bains avec
lavabo et douche, WC séparé";"Intérieur : chauffage électrique,
2 bouteilles de gaz
Extérieur : lumière, salon de jardin
Electricité : 6 ampères
Parking : sur emplacement pour
un seul véhicule (sauf mention
contraire)";0-7 ans;;Pas de place pour un lit bébé;;
36;nl;Résidential (4 Places, max. 4 adultes);;;;;;;;;;;;;;
37;de;Résidential (5 Personen, maximal 4 Erwachsene);;;;;Sie werden den Komfort und die Ruhe des Mobilhomes Résidential mit seiner überdachten Terrasse vollauf genießen.;"
Empfohlen für 5 Personen: 2 Erwachsene (ab 14 Jahren) + 3 Kinder, inkl. Baby
Wir akzeptieren maximal 4 Erwachsene (ab 14 Jahren) + 1 Kind, inkl. Baby (außer Résidential 4 Personen)";"Größe ohne Terrasse: 21 m²
7,92 m (davon 2,10 m überdachte Terrasse) x 3,90 m (LxB)";"1 Schlafzimmer mit 140 x 190 cm großem Bett mit Lattenrost
1 Schlafzimmer mit 2 Einzelbetten von 70 x 190 cm mit Lattenrost,
1 Stockbett oder Beistellbett (außer Domaine de Kermario,
Lou Broustaricq, Playa Joyel)
Wohn-/Esszimmer: Kochnische mit Spülbecken, Warmwasserboiler, 4 Gas-Kochplatten, Mikrowelle, Kühlschrank, Kochecke mit Sitz- oder Eckbank, die als Schlafcouch (140 x 190 cm) verstellt werden kann,
1 Tisch und 2 Hocker
Badezimmer mit Waschbecken und Dusche, WC separat";"Innen: Elektroheizung,
2 Gasflaschen
Außen: Beleuchtung, Gartenmöbel
Elektrizität: 6 Ampere
Parkplatz: In der Regel neben dem Mobilhome (1 Auto pro Mobilhome)";"0-7 Jahre (7-12 Jahre:
Domaine de Kermario,
Lou Broustaricq, le Col Vert,
Domaines des Chênes Verts,
les Fontaines)";Die Aufteilung kann je nach Campingplatz variieren.;;;
37;en;Résidential (5 places, max. 4 adultes);;;;;;;;;;;;;;
37;fr;Résidential (5 places, max. 4 adultes);;;;;"Vous apprécierez le
confort et la tranquillité
du Résidential avec sa
terrasse couverte.";"
5 personnes
Recommandé : 2 adultes + 3 enfants
bébé compris
Toléré : 4 adultes maxi. + 1 enfant,
bébé compris sauf exception
(résidential 4 places)
Adulte : à partir de 14 ans
";"Surface hors terrasse : 21 m²
Longueur 7,92 m (dont 2,10 m de
terrasse couverte) x Largeur 3,90 m";"Chambre parents : 1 lit de
140x190 cm avec sommier à lattes
Chambre enfants : 2 lits de
70x190 cm avec sommiers à lattes,
1 lit superposé ou d’appoint (sauf
Domaine de Kermario,
Lou Broustaricq, Playa Joyel)
Pièce commune : coin cuisine
avec évier, chauffe-eau, gaz
4 feux, micro-ondes, réfrigérateur,
coin repas avec banquette
transformable en lit de 140x190 cm,
1 table et 2 tabourets
Sanitaire : salle de bains avec
lavabo et douche, WC séparé";"Intérieur : chauffage électrique,
2 bouteilles de gaz
Extérieur : lumière, salon de jardin
Electricité : 6 ampères
Parking : sur emplacement pour
un seul véhicule (sauf mention
contraire)";"0-7 ans (sauf 7-12 ans :
Domaine de Kermario,
Lou Broustaricq, le Col Vert,
Domaines des Chênes Verts,
les Fontaines)";En fonction du camping, l’agencement peut être différent.;;;
37;nl;Résidential (5 places, max. 4 adultes);;;;;;;;;;;;;;
38;de;Empfangsraum;;;;;;;;;;;;;;
38;en;Salle de réception;;;;;;;;;;;;;;
38;fr;Salle de réception;;;;;;;;;;;;;;
38;nl;Salle de réception;;;;;;;;;;;;;;
39;de;Spacial (6 Personen, maximal 6 Erwachsene);;;;;"In diesem Mobilhome, ausgestattet mit drei separaten Schlafzimmern, haben Sie die Möglichkeit, die gesamte Familie unterzubringen und den Wohnbereich gemeinsam zu nutzen.
";"Empfohlen für 6 Personen: 4 Erwachsene (ab 14 Jahren) + 2 Kinder, inkl. Baby
Wir akzeptieren maximal 6 Erwachsene";"Größe: ca. 31,5 m²
7,92 x 4 m (LxB)";"1 Schlafzimmer mit 140 x 190 cm großem Bett mit Lattenrost
2 Schlafzimmer mit je 2 Einzelbetten (80 x 190 cm) mit Lattenrost (1 Schlafzimmer mit 2 Stockbetten in Italien)
Wohn-/Esszimmer: Kochnische mit Spülbecken, Warmwasserboiler, 4 Gas-Kochplatten, Mikrowelle, Kühlschrank mit Gefrierfach, Essecke mit Sitz- oder Eckbank, die als Schlafcouch (115 x 180 cm) verstellt werden kann, 1 Tisch und 4 Stühle
Badezimmer mit Waschbecken und Dusche, WC separat (in Italien im Badezimmer integriert)";"Innen: Elektroheizung,
2 Gasflaschen
Außen: Beleuchtung, Gartenmöbel, großer Sonnenschirm (nicht für den Strand geeignet)
Elektrizität: 10 Ampere
Parkplatz: In der Regel neben dem Mobilhome (1 Auto pro Mobilhome)";"0-7 Jahre (7-12 Jahre: le Mas,
Parc de la Grenouillère, Camping
du Lac)";Die Aufteilung kann je nach Campingplatz variieren. Nicht alle Mobilhomes sind mit einer Terrasse ausgestattet.;;;
39;en;Spacial (6 places, max. 6 adultes);;;;;;;;;;;;;;
39;fr;Spacial (6 places, max. 6 adultes);;;;;"Avec ses trois chambres séparées, ce mobil-home vous permet d’accueillir toute votre famille et de profiter de l’espace de vie commun.
";"6personnes  Recommandé : 4 adultes + 2 enfants, bébé compris
Toléré : 6 adultes maxi 
Adulte : à partir de 14 ans
";"Surface : environ 31,5 m²
Longueur 7,92 m x Largeur 4 m";"Chambre parents : 1 lit de
140x190 cm avec sommier à lattes
 2 chambres enfants : 2 lits de
80x190 cm avec sommiers à lattes
par chambre (1 chambre avec 2 lits
superposés en Italie)
Pièce commune : coin cuisine
avec évier, chauffe-eau, gaz
4 feux, micro-ondes, combiné
réfrigérateur-congélateur,coin repas avec banquette
transformable en lit de 115x180 cm,
1 table et 4 chaises
Sanitaire : salle de bains avec
lavabo et douche, WC séparé (sauf
en Italie)";"Intérieur : chauffage électrique,
2 bouteilles de gaz
Extérieur : lumière, salon de
jardin, grand parasol non utilisable
à la plage
Electricité : 10 ampères
Parking : sur emplacement pour
un seul véhicule (sauf mention
contraire)";"0-7 ans (sauf 7-12 ans : le Mas,
Parc de la Grenouillère, Camping
du Lac)";"En fonction du camping, l’agencement peut être différent.
Tous les hébergements ne sont pas équipés de terrasse";;;
39;nl;Spacial (6 places, max. 6 adultes);;;;;;;;;;;;;;
40;de;Spacial (7 Personen, maximal 6 Erwachsene);;;;;"In diesem Mobilhome, ausgestattet mit drei separaten Schlafzimmern, haben Sie die Möglichkeit, die gesamte Familie unterzubringen und den Wohnbereich gemeinsam zu nutzen.
";"Empfohlen für 7 Personen: 4 Erwachsene (ab 14 Jahren) + 3 Kinder, inkl. Baby
Wir akzeptieren maximal 6 Erwachsene (ab 14 Jahren) + 1 Kinde, inkl. Baby (außer Spacial 6 Personen)";"Größe: ca. 31,5 m²
7,92 x 4 m (LxB)";"1 Schlafzimmer mit 140 x 190 cm großem Bett mit Lattenrost
2 Schlafzimmer mit je 2 Einzelbetten von 80 x 190 cm mit Lattenrost (1 Schlafzimmer mit 2 Stockbetten in Italien)
Wohn-/Esszimmer: Kochnische mit Spülbecken, Warmwasserboiler, 4 Gas-Kochplatten, Mikrowelle, Kühlschrank mit Gefrierfach, Essecke mit Sitz- oder Eckbank, die als Schlafcouch (115x180 cm) verstellt werden kann, 1 Tisch und 4 Stühle
Badezimmer mit Waschbecken und Dusche, WC separat (in Italien im Badezimmer integriert)";"Innen: Elektroheizung,
2 Gasflaschen
Außen: Beleuchtung, Gartenmöbel, großer Sonnenschirm (nicht für den Strand geeignet)
Elektrizität: 10 Ampere
Parkplatz: In der Regel neben dem Mobilhome (1 Auto pro Mobilhome)";"0-7 Jahre (7-12 Jahre: le Mas,
Parc de la Grenouillère, Camping
du Lac)";Die Aufteilung kann je nach Campingplatz variieren. Nicht alle Mobilhomes sind mit einer Terrasse ausgestattet.;;;
40;en;Spacial (7 places, max. 6 adultes);;;;;;;;;;;;;;
40;fr;Spacial (7 places, max. 6 adultes);;;;;"Avec ses trois chambres séparées, ce mobil-home vous permet d’accueillir toute votre famille et de profiter de l’espace de vie commun.
";"7 personnes  Recommandé : 4 adultes + 3 enfants, bébé compris
Toléré : 6 adultes maxi. + 1 enfant,bébé compris sauf exceptions
(Spacial 6 places)
Adulte : à partir de 14 ans
";"Surface : environ 31,5 m²
Longueur 7,92 m x Largeur 4 m";"Chambre parents : 1 lit de
140x190 cm avec sommier à lattes
 2 chambres enfants : 2 lits de
80x190 cm avec sommiers à lattes
par chambre (1 chambre avec 2 lits
superposés en Italie)
Pièce commune : coin cuisine
avec évier, chauffe-eau, gaz
4 feux, micro-ondes, combiné
réfrigérateur-congélateur,coin repas avec banquette
transformable en lit de 115x180 cm,
1 table et 4 chaises
Sanitaire : salle de bains avec
lavabo et douche, WC séparé (sauf
en Italie)";"Intérieur : chauffage électrique,
2 bouteilles de gaz
Extérieur : lumière, salon de
jardin, grand parasol non utilisable
à la plage
Electricité : 10 ampères
Parking : sur emplacement pour
un seul véhicule (sauf mention
contraire)";"0-7 ans (sauf 7-12 ans : le Mas,
Parc de la Grenouillère, Camping
du Lac)";"En fonction du camping, l’agencement peut être différent.
Tous les hébergements ne sont pas équipés de terrasse";;;
40;nl;Spacial (7 places, max. 6 adultes);;;;;;;;;;;;;;
41;de;Spacial (8 Personen, maximal 6 Erwachsene);;;;;;;;;;;;;;
41;en;Spacial (8 places, max. 6 adultes);;;;;;;;;;;;;;
41;fr;Spacial (8 places, max. 6 adultes);;;;;;;;;;;;;;
41;nl;Spacial (8 places, max. 6 adultes);;;;;;;;;;;;;;
42;de;Spacial (7 Personen, maximal 6 Erwachsene), klimatisiert;;;;;;;;;;;;;;
42;en;Spacial (7 places, max. 6 adultes) Climatisé;;;;;;;;;;;;;;
42;fr;Spacial (7 places, max. 6 adultes) Climatisé;;;;;;;;;;;;;;
42;nl;Spacial (7 places, max. 6 adultes) Climatisé;;;;;;;;;;;;;;
43;de;Spacial (6 Personen, maximal 6 Erwachsene), mit Seeblick;;;;;In diesem Mobilhome mit Blick auf den See und ausgestattet mit drei separaten Schlafzimmern haben Sie die Möglichkeit, bis zu 6 Personen zu empfangen und den schönen Wohnbereich gemeinsam zu nutzen!;"Empfohlen für 6 Personen: 4 Erwachsene (ab 14 Jahren) + 2 Kinder, inkl. Baby
Wir akzeptieren maximal 6 Erwachsene (ab 14 Jahren)";"Größe: ca. 31,5 m²
7,92 x 4 m (LxB)";"1 Schlafzimmer mit 140 x 190 cm großem Bett mit Lattenrost
2 Schlafzimmer mit je 2 Einzelbetten (80 x 190 cm) mit Lattenrost (1 Schlafzimmer mit 2 Stockbetten in Italien)
Wohn-/Esszimmer: Kochnische mit Spülbecken, Warmwasserboiler, 4 Gas-Kochplatten, Mikrowelle, Kühlschrank mit Gefrierfach, Essecke mit Sitz- oder Essbank, die als Schlafcouch (115 x 180 cm) verstellt werden kann, 1 Tisch und 4 Stühle
Badezimmer mit Waschbecken und Dusche, WC separat (in Italien im Badezimmer integriert)";"Innen: Elektro-Heizung,
2 Gasflaschen
Außen: Beleuchtung, Gartenmöbel, großer Sonnenschirm (nicht für den Strand geeignet)
Elektrizität: 10 Ampere
Parkplatz: In der Regel neben dem Mobilhome (1 Auto pro Mobilhome)";0-7 Jahre;;;;
43;en;Spacial (6 places, max. 6 adultes) vue lac;;;;;;;;;;;;;;
43;fr;Spacial (6 places, max. 6 adultes) vue lac;;;;;Avec ses trois chambres séparées, ce mobil-home avec vue sur le lac, vous permet d’accueillir jusqu'à 6 personnes et de profiter d'un bel espace de vie !;"6personnes  Recommandé : 4 adultes + 2 enfants, bébé compris
Toléré : 6 adultes maxi 
Adulte : à partir de 14 ans
";"Surface : environ 31,5 m²
Longueur 7,92 m x Largeur 4 m";"Chambre parents : 1 lit de
140x190 cm avec sommier à lattes
 2 chambres enfants : 2 lits de
80x190 cm avec sommiers à lattes
par chambre (1 chambre avec 2 lits
superposés en Italie)
Pièce commune : coin cuisine
avec évier, chauffe-eau, gaz
4 feux, micro-ondes, combiné
réfrigérateur-congélateur,coin repas avec banquette
transformable en lit de 115x180 cm,
1 table et 4 chaises
Sanitaire : salle de bains avec
lavabo et douche, WC séparé (sauf
en Italie)";"Intérieur : chauffage électrique,
2 bouteilles de gaz
Extérieur : lumière, salon de
jardin, grand parasol non utilisable
à la plage
Electricité : 10 ampères
Parking : sur emplacement pour
un seul véhicule (sauf mention
contraire)";0-7 ans;;;;
43;nl;Spacial (6 places, max. 6 adultes) vue lac;;;;;;;;;;;;;;
44;de;Bungalow (2 Personen), klimatisiert;;;;;"Der Bungalow Cocoon für 2 Personen bietet sämtlichen Komfort auf dem Campingplatz Domaine
d’Anghione auf Korsika";2 Personen;Größe: 20 m²;"Wohnzimmer mit Schlafcouch (140 x 190 cm) und Kochnische.
Waschraum mit Toilette.                     Klimatisierter Bungalow.";Kochnische mit Mikrowelle, Kühlschrank mit Gefrierfach, Kaffeemaschine, Küchenutensilien, Kochplatten. Waschraum mit Toilette;0-7 Jahre;;;;
44;en;Studio (2 places) climatisé;;;;;;;;;;;;;;
44;fr;Studio (2 places) climatisé;;;;;"Retrouvez ce studio cocoon pour 2 personnes, 
tout confort sur le Domaine
d’Anghione en Corse";2 personnes;Surface : 20 m²;"Séjour avec un canapé convertible
de 140 cm et coin cuisine.
Une salle d’eau avec toilettes.                     Studio climatisé";Kitchenette comprenant micro-onde, réfrigirateur avec freezer, cafetière, ustensiles de cuisine, plaques de cuisson. 1 salle d'eau avec toilette;0-7 ans;;;;
44;nl;Studio (2 places) climatisé;;;;;;;;;;;;;;
45;de;Bungalow (2-4 Personen), klimatisiert;;;;;"Diese Bungalows bieten sämtlichen Komfort auf dem Campingplatz Domaine
d’Anghione auf Korsika";2-4 Personen;Größe: 20 m²;"Wohnzimmer mit Schlafcouch (140 x 190 cm) und Kochnische.
Ein Schlafraum mit 2 Stockbetten (70 x 190 cm). Waschraum mit Toilette.                                                                Klimatisierter Bungalow.";Kochnische mit Mikrowelle, Kühlschrank mit Gefrierfach, Kaffeemaschine, Küchenutensilien, Kochplatten. Waschraumm mit Toilette;0-7 Jahre;;;;
45;en;Studio cabine (2-4 places) climatisé;;;;;;;;;;;;;;
45;fr;Studio cabine (2-4 places) climatisé;;;;;"Retrouvez ces bungalows
tout confort sur le Domaine
d’Anghione en Corse";2-4 personnes;Surface : 20 m²;"Séjour avec un canapé convertible
de 140 cm et coin cuisine.
Une cabine avec 2 lits superposés
de 70 cm. Une salle d’eau avec
toilettes.                                                                Studio climatisé";Kitchenette comprenant micro-onde, réfrigirateur avec freezer, cafetière, ustensiles de cuisine, plaques de cuisson. 1 salle d'eau avec toilette;0-7 ans;;;;
45;nl;Studio cabine (2-4 places) climatisé;;;;;;;;;;;;;;
46;de;Ty Bihan (6 Personen, maximal 6 Erwachsene);;;;;Tauchen Sie ein in eine rustikale und komfortble Welt aus Holz: Das kleine Landhaus Ty Bihan bietet Platz für bis zu 6 Personen und ist die Garantie für einen gelungenen, andersartigen Urlaub!;6 Personen;Größe: 64 m²;"1 Schlafzimmer mit 140 x 190 cm großem Bett (im Obergeschoss)
1 Schlafzimmer mit 2 Einzelbetten von 90 x 190 cm (im Obergeschoss)                                                                           Der Wohnbereich umfasst eine Kochnische mit Geschirrspülmaschine, Mikrowelle, Kühlschrank mit Gefrierfach, Wohnzimmer mit Schlafcouch für 2 Personen. 
Badezimmer, WC separat. 
Elektroheizung und TV. 
Außen: Terrasse und Gartenmöbel.";;;;;;
46;en;Ty Bihan (6 places, max. 6 adultes);;;;;;;;;;;;;;
46;fr;Ty Bihan (6 places, max. 6 adultes);;;;;Rustique et confortable par excellence, plongez dans l'univers tout en bois du gîte Ty Bihan, pouvant accueillir jusqu'à 6 personnes. C'est le gage de vacances dépaysantes et réussies !;6 personnes;Surface : 64 m²;"Chambre parents :  1 lit de 140x190 cm (à l'étage.)
Chambre enfants : 2 lits de 90x190 cm (à l'étage)                                                                           La pièce commune comprend un coin cuisine avec lave-vaiselle, micro-ondes, réfrigérateur-congélateur, séjour avec canapé convertible 2 places 
Les sanitaires sont composés d'une salle d'eau et d'un WC séparé. 
Le chauffage est électrique et le gîte est équipé d'une télévision. 
Equipements extérieurs : terrasse et un salon de jardin. ";;;;;;
46;nl;Ty Bihan (6 places, max. 6 adultes);;;;;;;;;;;;;;
47;de;Ty Bras (7 Personen, maximal 7 Erwachsene);;;;;Das Landhaus bietet mit seiner Größe von 90 m² Platz für bis zu 7 Personen und wird Sie schlechthin in seinen Bann schlagen. Eines der Schlafzimmer ist sogar mit einem eigenen Bad ausgestattet. Eine Gelegenheit, die Sie nicht verpassen sollten!;7 Personen;Größe: 90 m²;"1 Schlafzimmer mit 140 x 190 cm großem Bett (im Obergeschoss) 
1 Schlafzimmer mit 3 Einzelbetten von 90 x 190 cm mit eigenem Bad (im Obergeschoss)                                          Der Wohnbereich umfasst eine Kochnische mit Geschirrspülmaschine, Mikrowelle, Kühlschrank mit Gefrierfach, Wohnzimmer mit Schlafcouch für 2 Personen 
Badzimmer mit separatem WC im Obergeschoss, WC im Erdgeschoss. 
Elektro-Heizung und TV. 
Außen: Terrasse und Gartenmöbel.";;;;;;
47;en;Ty Bras (7 places, max. 7 adultes);;;;;;;;;;;;;;
47;fr;Ty Bras (7 places, max. 7 adultes);;;;;Les 90 m² de ce gîte, pouvant recevoir jusqu'à 7 personnes, vous charmeront. Vous y trouverez même une salle de bain privative, dans l'une des chambres. A ne pas manquer !;7 personnes;Surface : 90 m²;"Chambre parents : 1 lit de 140 x 190 cm (à l'étage) 
Chambre enfants : 3 lits de 90 x 190 cm avec salle d'eau privative (à l'étage)                            La pièce commune comprend un coin cuisine avec lave-vaisselle, micro-ondes, réfrigérateur-congélateur, séjour avec canapé convertible 2 places 
Les sanitaires sont composés d'une salle d'eau et d'un WC séparé à l'étage, WC au rez de chaussée. 
Le chauffage est électrique et le gîte est équipé d'une télévision. 
Equipements extérieurs : terrasse et un salon de jardin. ";;;;;;
47;nl;Ty Bras (7 places, max. 7 adultes);;;;;;;;;;;;;;
48;de;Ty Coz (7 Personen, maximal 6 Erwachsene);;;;;Lassen Sie sich in diesem Landhaus von dem Charme des echten Kamins verzaubern, und genießen Sie einen gemütlichen Urlaub mit der Familie oder Freunden.;"Empfohlen für 7 Personen: 4 Erwachsene (ab 14 Jahren) + 3 Kinder, inkl. Baby
Wir akzeptieren maximal 6 Erwachsene (ab 14 Jahren) + 1 Kind, inkl. Baby
";Größe: 80 m²;"1 Schlafzimmer mit 140 x 190 cm großem Bett (im Obergeschoss) 
1 Schlafzimmer mit 2 Einzelbetten von 90 x 190 cm (im Obergeschoss) 
1 Flurzimmer mit 2 Einzelbetten von 90 x 190 cm (im Obergeschoss)                                                                           Der Wohnbereich umfasst eine Kochnische mit Geschirrspülmaschine, Mikrowelle, Kühlschrank mit Gefrierfach, Wohnzimmer mit 1 Sofa und 1 Schlafcouch für 2 Personen, Kamin (das Holz wird geliefert) 
Badezimmer, separates WC im Erdgeschoss. 
Elektro-Heizung und TV. 
Außen: Terrasse und Gartenmöbel";;;;;;
48;en;Ty Coz (7 places, max. 6 adultes);;;;;;;;;;;;;;
48;fr;Ty Coz (7 places, max. 6 adultes);;;;;Sa véritable cheminée à l'ancienne et son charme fou vous émerveilleront. Ce gîte est idéalement conçu pour des vacances conviviales, en famille ou entre amis.;" 7 personnes
Recommandé : 4 adultes + 3 enfants, bébé compris
Toléré : 6 adultes maxi. + 1 enfant, bébé compris
Adulte : à partir de 14 ans
";Surface : 80 m²;"Chambre parents : 1 lit de 140 x 190 cm (à l'étage) 
Chambre enfants :  2 lits de 90 x 190 cm (à l'étage) 
Chambre palier :  2 lits de 90 x 190 cm (à l'étage)                                                                           La pièce commune comprend un coin cuisine avec lave-vaisselle, micro-ondes, réfrigérateur-congélateur, séjour avec 2 canapés dont un convertible 2 places, cheminée (bois fourni) 
Les sanitaires sont composés d'une salle d'eau et WC séparé au rez de chaussée. 
Le chauffage est électrique et le gîte est équipé d'une télévision. 
Equipements extérieurs : terrasse et un salon de jardin. ";;;;;;
48;nl;Ty Coz (7 places, max. 6 adultes);;;;;;;;;;;;;;
49;de;Ty Daou 1 (5 Personen, maximal 5 Erwachsene);;;;;Verbringen Sie einen unvergesslichen Urlaub in diesem Landhaus für bis zu 5 Personen mit unglaublich schöner Lage: Die Terrasse führt direkt bis ans Wasser.;"5 Personen
";Größe: 60 m²;"1 Schlafzimmer mit 140 x 190 cm großem Bett und 2 Einzelbetten von 90 x 190 cm (im Obergeschoss).                                                        Der Wohnbereich umfasst eine Kochnische mit Geschirrspülmaschine, Mikrowelle, Kühlschrank mit Gefrierfach, Wohnzimmer mit Schlafcouch. 
Badezimmer, separates WC. 
Elektroheizung und TV. 
Außen: Terrasse und Gartenmöbel.";;;;;;
49;en;Ty Daou 1 (5 places, max. 5 adultes);;;;;;;;;;;;;;
49;fr;Ty Daou 1 (5 places, max. 5 adultes);;;;;Ce gîte, idéalement conçu pour accueillir jusqu'à 5 personnes, vous propose des vacances inoubliables, avec sa terrasse donnant directement sur un point d'eau, une situation à ne pas manquer.;"5 personnes
";Surface : 60 m²;"Chambre : 1 lit de 140 x 190 cm et 2 lits de 90 x 190 cm (à l'étage)                                                        La pièce commune comprend un coin cuisine avec lave-vaisselle, micro-ondes, réfrigérateur-congélateur, séjour avec canapé convertible 
Les sanitaires sont composés d'une salle d'eau et d'un WC séparé. 
Le chauffage est électrique et le gîte est équipé d'une télévision. 
Equipements extérieurs : terrasse et un salon de jardin. 
";;;;;;
49;nl;Ty Daou 1 (5 places, max. 5 adultes);;;;;;;;;;;;;;
50;de;Ty Daou 2 (6 Personen, maximal 6 Erwachsene);;;;;Die größere Ausführung des Landhauses Ty Daou 1 bietet Platz für bis zu 6 Personen. Sein echter Kamin im antiken Stil und das optimal ausgestattete Interior sind lohnenswert.;6 Personen;Größe: 64 m²;"1 Schlafzimmer mit 140 x 190 cm großem Bett im Obergeschoss. 
1 Flurzimmer mit 3 Einzelbetten von 90 x 190 cm im Obergeschoss. Der Wohnbereich umfasst eine Kochnische mit Geschirrspülmaschine, Mikrowelle, Kühlschrank mit Gefrierfach, Wohnzimmer mit Schlafcouch, Kamin (Holz wird geliefert). 
Badezimmer, separates WC. 
Elektro-Heizung und TV. 
Außen: Terrasse und Gartenmöbel. ";;;;;;
50;en;Ty Daou 2 (6 places, max. 6 adultes);;;;;;;;;;;;;;
50;fr;Ty Daou 2 (6 places, max. 6 adultes);;;;;Grand frère du Ty Daou 1, ce gîte peut recevoir jusqu'à 6 personnes. Ne manquez pas sa véritable cheminée à l'ancienne et son intérieur très bien équipé.;6 personnes;Surface : 64 m²;"Chambre parents : 1 lit de 140x190 cm à l'étage. 
Chambre palier : 3 lits de 90x190 cm à l'étage. La pièce commune comprend un coin cuisine avec lave-vaiselle, micro-ondes, réfrigérateur-congélateur, séjour avec canapé convertible, cheminée (bois fourni) 
Les sanitaires sont composés d'une salle d'eau et d'un WC séparé. 
Le chauffage est électrique et le chalet est équipé d'une télévision. 
Equipements extérieurs : terrasse et un salon de jardin. ";;;;;;
50;nl;Ty Daou 2 (6 places, max. 6 adultes);;;;;;;;;;;;;;
51;de;Ty Divent (7 Personen, maximal 7 Erwachsene);;;;;Bis zu 7 Personen können in diesem zauberhaft renovierten Landhaus ihren Urlaub verbringen. Dabei ist der große Wohnbereich neben den drei Schlafzimmern bestimmt der Höhepunkt.;7 Personen;Größe: 80 m²;" 2 Schlafzimmer mit 140 x 190 cm großem Bett im Obergeschoss. 
1 Schlafzimmer mit einem Einzelbett von 90 x 190 cm.                                        Der Wohnbereich umfasst eine Kochnische mit Geschirrspülmaschine, Mikrowelle, Kühlschrank mit Gefrierfach, Wohnzimmer mit 1 Sofa und 1 Schlafcouch für 2 Personen. 
Badezimmer und separates WC im Obergeschoss, 1 WC im Erdgeschoss. 
Elektro-Heizung und TV. 
Außen: Terrasse und Gartenmöbel";;;;;;
51;en;Ty Divent (7 places, max. 7 adultes);;;;;;;;;;;;;;
51;fr;Ty Divent (7 places, max. 7 adultes);;;;;Jusqu'à 7 personnes peuvent passer un séjour dans ce magnifique gîte rénové. Le très grand salon est son réel point fort, sans oublier ses trois chambres.;7 personnes;Surface : 80 m²;" 2 chambres parents : 1 lit de 140x190 cm à l'étage. 
Chambre enfants :  1 lit de 90x190 cm               La pièce commune comprend un coin cuisine avec lave-vaiselle, micro-ondes, réfrigérateur-congélateur, séjour avec 2 canapés dont 1 convertible 2 places 
Les sanitaires sont composés d'une salle d'eau et d'un WC séparé à l'étage, 1 WC au rez de chaussée. 
Le chauffage est électrique et le gîte est équipé d'une télévision. 
Equipements extérieurs : terrasse et un salon de jardin. ";;;;;;
51;nl;Ty Divent (7 places, max. 7 adultes);;;;;;;;;;;;;;
52;de;Zelt Ecolodge (5 Personen) mit Seeblick;;;;;In dieser mit sämtlichem Komfort ausgestatteten Unterkunft mit Blick auf den See können Sie Ihren Urlaub in aller Ruhe und in Ihrem eigenen Rhythmus verbringen!;5 Personen;"Größe:
19 m² + 10,5 m² überdachte Terrasse                                     
7 m (inkl. Terrasse) x 4,25 m (LxB)";"1 Schlafzimmer mit 140 x 190 cm großem Bett und Schrank
1 Schlafzimmer mit 1 Stockbett (70 x 180 cm) und 2 Einzelbetten von 70 x 180 cm (Stockbett nicht für Kinder unter 6 Jahren und für Personen mit mehr als 30 kg geeignet)
Terrasse: Kochnische, Gas, Mikrowelle, Kühlschrank";"Innen: 1 Gasflasche
Außen: Beleuchtung, Gartenmöbel
Elektrizität: 6 Ampere
Parkplatz: In der Regel neben dem Zelt (1 Auto pro Zelt)";0-7 Jahre;Die Aufteilung kann je nach Campingplatz variieren.;Unterkunft ohne Wasseranschluss, sanitäre Einrichtungen und Heizung;;
52;en;Tente ecolodge (5 places) vue lac;;;;;;;;;;;;;;
52;fr;Tente ecolodge (5 places) vue lac;;;;;Avec la vue sur le lac et cet hébergement tout confort, vivez les vacances à votre rythme, en toute quiétude !;5 personnes;"Surface :
19 m² + 10,5 m² de terrasse couverte Longueur (terrasse comprise)
7 m x Largeur 4,25 m";"Chambre parents : 1 lit de
140x190 cm et placard
1 chambre enfants : 1 lit
superposé de 70x180 cm et 2 lits
de 70 x 180 cm (le lit superposé ne
convient pas aux enfants de moins
de 6 ans et de plus de 30 kg)
Terrasse : coin cuisine, gaz,
micro-ondes, réfrigérateur";"Intérieur : 1 bouteille de gaz
Extérieur : lumière, salon de jardin
Electricité : 6 ampères
Parking : sur emplacement pour
un seul véhicule (sauf mention contraire)";0-7 ans;En fonction du camping, l’agencement peut être différent.;"Hébergement sans arrivée
d’eau, sans sanitaire et
sans chauffage";;
52;nl;Tente ecolodge (5 places) vue lac;;;;;;;;;;;;;;
53;de;Zelt Ecolodge (5 Personen, maximal 3 Erwachsene);;;;;Zurück zu den Quellen: Sich wohlfühlen und entspannen – in unserem Zelt Ecolodge!;"Empfohlen für 5 Personen: 2 Erwachsene (ab 14 Jahren) + 3 Kinder, inkl. Baby
Wir akzeptieren maximal 3 Erwachsene (ab 14 Jahren) + 2 Kinder, inkl. Baby";"Größe:
19 m² + 10,5 m² überdachte Terrasse
7 m (inkl. Terrasse) x 4,25 m (LxB)";"1 Schlafzimmer mit 140 x 190 cm großem Bett und Schrank
1 Schlafzimmer mit 1 Stockbett von 70 x 180 cm und 2 Einzelbetten von 70 x 180 cm (Stockbett nicht für Kinder unter 6 Jahren und für Personen mit mehr als 30 kg geeignet)
Terrasse: Kochnische, Gas, Mikrowelle, Kühlschrank";"Innen: 1 Gasflasche
Außen: Beleuchtung, Gartenmöbel
Elektrizität: 6 Ampere
Parkplatz: In der Regel neben dem Zelt (1 Auto pro Zelt)";0-7 Jahre;Die Aufteilung kann je nach Campingplatz variieren.;Unterkunft ohne Wasseranschluss, sanitäre Einrichtungen und Heizung;;
53;en;Tente ecolodge (5 places, max. 3 adultes);;;;;;;;;;;;;;
53;fr;Tente ecolodge (5 places, max. 3 adultes);;;;;"Retour aux sources,
bien-être et décontraction
seront au rendez-vous des
vacances en Ecolodge !";"5 personnes
Recommandé : 2 adultes + 3 enfants, bébé compris
Toléré : 3 adultes maxi. + 2 enfants, bébé compris
Adulte : à partir de 14 ans
";"Surface :
19 m² + 10,5 m² de terrasse couverte Longueur (terrasse comprise)
7 m x Largeur 4,25 m";"Chambre parents : 1 lit de
140x190 cm et placard
1 chambre enfants : 1 lit
superposé de 70x180 cm et 2 lits
de 70 x 180 cm (le lit superposé ne
convient pas aux enfants de moins
de 6 ans et de plus de 30 kg)
Terrasse : coin cuisine, gaz,
micro-ondes, réfrigérateur";"Intérieur : 1 bouteille de gaz
Extérieur : lumière, salon de jardin
Electricité : 6 ampères
Parking : sur emplacement pour
un seul véhicule (sauf mention contraire)";0-7 ans;En fonction du camping, l’agencement peut être différent.;"Hébergement sans arrivée
d’eau, sans sanitaire et
sans chauffage";;
53;nl;Tente ecolodge (5 places, max. 3 adultes);;;;;;;;;;;;;;
54;de;Tente Muscade (5 Personen, maximal 5 Erwachsene);;;;;Ein Urlaub im Zelt Muscade bedeutet ungezwungenen Komfort im Herzen der Natur genießen …;5 Personen;Größe: 16 m²;"1 Schlafzimmer mit 140 x 190 cm großem Bett
1 Schlafzimmer mit einem Stockbett von 70 x 180 cm und 2 Einzelbetten von 70 x 180 cm (Stockbett nicht für Kinder unter 6 Jahren und für Personen mit mehr als 30 kg geeignet)
Wohnzimmer: Kochnische, Gas, Mikrowelle, Kühlschrank                 Terrasse von 6 m²";"Innen: 1 Gasflasche
Außen: Beleuchtung, Gartenmöbel
Elektrizität: 6 Ampere
Parkplatz: In der Regel neben dem Zelt (1 Auto pro Zelt)";0-7 Jahre;Die Aufteilung kann je nach Campingplatz variieren.;Unterkunft ohne Wasseranschluss, sanitäre Einrichtungen und Heizung;;
54;en;Tente Muscade (5 places, max. 5 adultes);;;;;;;;;;;;;;
54;fr;Tente Muscade (5 places, max. 5 adultes);;;;;Séjourner en tente Muscade c'est vivre confortablement au coeur de la nature, en toute liberté…;5 personnes;Surface : 16 m²;"Chambre parents : 1 lit de
140x190 cm
1 chambre enfants : 1 lit
superposé de 70x180 cm et 2 lits
de 70 x 180 cm (le lit superposé ne
convient pas aux enfants de moins
de 6 ans et de plus de 30 kg)
Séjour : coin cuisine, gaz,
micro-ondes, réfrigérateur                 Terrasse de 6 m² ";"Intérieur : 1 bouteille de gaz
Extérieur : lumière, salon de jardin
Electricité : 6 ampères
Parking : sur emplacement pour
un seul véhicule (sauf mention contraire)";0-7 ans;En fonction du camping, l’agencement peut être différent.;"Hébergement sans arrivée
d’eau, sans sanitaire et
sans chauffage";;
54;nl;Tente Muscade (5 places, max. 5 adultes);;;;;;;;;;;;;;
55;de;Ty Gouzik (7 Personen, maximal 7 Erwachsene);;;;;Die neuste Landhaus-Generation des Campingplatzes Domaine de Kermario: Das Zelt Ty Gouzik bietet Platz für bis zu 7 Personen und zudem Komfort, Entspannung, Charme und Erholung!;7 Personen;Größe: 83 m²;"1 Schlafzimmer mit 140 x 190 cm großem Bett (im Obergeschoss) 
1 Schlafzimmer mit 2 Einzelbetten (90 x 190 cm) und 2 Stockbetten von 90 x 190 cm (im Obergeschoss)          Der Wohnbereich umfasst eine Kochnische mit Geschirrspülmaschine, Kochplatten, Backofen, Mikrowelle, Kühlschrank, Wohnzimmer mit Schlafcouch 
Waschraum im Obergeschoss, WC im Erdgeschoss. 
Elektro-Heizung und TV. 
Außen: Terrasse und Gartenmöbel";;;;;;
55;en;Ty Gouzik (7 places, max. 7 adultes);;;;;;;;;;;;;;
55;fr;Ty Gouzik (7 places, max. 7 adultes);;;;;Dernier né des gîtes du Domaine de Kermario, retrouvez le Ty Gouzik, qui accueille jusqu'à 7 personnes ! Confort, détente, charme et repos seront au rendez-vous !;7 personnes;Surface : 83 m²;"Chambre parents : 1 lit de 140 x 190 cm (à l'étage) 
Chambre enfants :  2 lits de 90 x 190 cm et 2 lits superposés de 90 x190 cm (à l'étage)          La pièce commune comprend un coin cuisine avec lave-vaisselle, plaques de cuisson, four, micro-ondes, réfrigérateur, séjour avec canapé convertible 
Les sanitaires sont composés d'une salle d'eau à l'étage, WC au rez de chaussée. 
Le chauffage est électrique et le gîte est équipé d'une télévision. 
Equipements extérieurs : terrasse et un salon de jardin. ";;;;;;
55;nl;Ty Gouzik (7 places, max. 7 adultes);;;;;;;;;;;;;;
56;de;Ty Gwenn (9 Personen, maximal 9 Erwachsene);;;;;Das größte Landhaus der Campinganlage Domaine de Kermario wartet auf Sie! Der private Innenhof und drei Schlafzimmer mit Platz für 9 Personen sorgen für einen entspannten Urlaub …;9 Personen;Größe: 130 m²;"2 Schlafzimmer mit 140 x 190 cm großem Bett im Obergeschoss. 
1 Schlafzimmer mit 3 Einzelbetten von 90 x 190 cm im Obergeschoss        Der Wohnbereich umfasst eine Kochnische mit Geschirrspülmaschine, Mikrowelle, Kühlschrank mit Gefrierfach, Wohnzimmer mit 1 Sofa und 1 Schlafcouch für 2 Personen 
Badezimmer im Obergeschoss und WC im Erdgeschoss.
Elektro-Heizung und TV. 
Außen: Terrasse und Gartenmöbel";;;;;;
56;en;Ty Gwenn (9 places, max. 9 adultes);;;;;;;;;;;;;;
56;fr;Ty Gwenn (9 places, max. 9 adultes);;;;;Le plus grand des gîtes du Domaine de Kermario vous attend ! Avec sa cour privative fermée, sa capacité de 9 personnes et ses trois chambres, passez des vacances détente...;9 personnes;Surface : 130 m²;" 2 chambres parents : 1 lit de 140x190 cm à l'étage. 
Chambre enfants : 3 lit de 90x190 cm à l'étage La pièce commune comprend un coin cuisine avec lave-vaisselle, micro-ondes, réfrigérateur-congélateur, séjour avec 2 canapés dont un convertible 2 places 
Les sanitaires sont composés d'une salle de bain à l'étage et d'un WC au rez de chaussée. 
Le chauffage est électrique et le gîte est équipé d'une télévision. 
Equipements extérieurs : terrasse et un salon de jardin.  ";;;;;;
56;nl;Ty Gwenn (9 places, max. 9 adultes);;;;;;;;;;;;;;
57;de;Ty Tomm (4 Personen, maximal 2 Erwachsene);;;;;Dieses Landhaus ist mit seinen Räumlichkeiten für bis zu 4 Personen von ganz besonderem Komfort und Gemütlichkeit. Herausstechend ist insbesondere sein Mezzanin mit Zugang zur oberen Ebene.;Empfohlen für 4 Personen: 2 Erwachsene (ab 14 Jahren) + 2 Kinder, inkl. Baby                                              Wir akzeptieren maximal 2 Erwachsene (ab 14 Jahren) + 2 Kinder, inkl. Baby;Größe: 28 m²;"1 Schlafzimmer mit 140 x 190 cm großem Bett
2 Stockbetten (90 x 190 cm) im Mezzanin, zugänglich über eine steile Leiter (nicht geeignet für Kinder unter 6 Jahren)                        Der Wohnbereich umfasst eine Kochnische mit Mikrowelle, Kühlschrank mit Gefrierfach, Wohnzimmer mit Sitz- oder Eckbank.
Waschraum, WC separat. 
Elektro-Heizung und TV. 
Außen: 2 Terrasen und Gartenmöbel.
";;;;;;
57;en;Ty Tomm (4 places, max. 2 adultes);;;;;;;;;;;;;;
57;fr;Ty Tomm (4 places, max. 2 adultes);;;;;Très confortable et douillet, ce gîte peut accueillir jusqu'à 4 personnes. Le côté atypique de ce gîte est sans conteste sa mezzanine, qui permet d'accéder au niveau supérieur.;"4 personnes
Recommandé : 2 adultes + 2 enfants, bébé compris                                              Toléré : 2 adultes maxi. + 2 enfants, bébé compris Adulte : à partir de 14 ans
";Surface : 28 m²;"La chambre parents : 1 lit de 140x190 cm
Le couchage en mezzanine : 2 lits superposés de 90 x 190 cm (accès par échelle de meunier déconseillé aux enfants de - 6 ans)                     La pièce commune comprend un coin cuisine avec micro-ondes, réfrigérateur-congélateur, séjour avec banquette 
Les sanitaires sont composés d'une salle d'eau et d'un WC séparé. 
Le chauffage est électrique et le gîte est équipé d'une télévision. 
Equipements extérieurs : 2 terrasses et un salon de jardin. 
";;;;;;
57;nl;Ty Tomm (4 places, max. 2 adultes);;;;;;;;;;;;;;
58;de;Vacanciale (5 Personen, maximal 4 Erwachsene);;;;;Schlichtheit, Komfort und eine sehr praktische Terrasse, die sich für gemütliche Momente im Freien anbietet, werden Sie den Caravan Vacanciale schätzen lassen.;"Empfohlen für 5 Personen: 2 Erwachsene + 3 Kinder, inkl. Baby
Wir akzeptieren maximal 4 Erwachsene (ab 14 Jahren) + 1 Kind, inkl. Baby";"Größe: Vacanciale 11 m²+ Terrasse 9 m². 6,70 x 3 m 
(LxB)
";"1 Schlafzimmer mit 140 x 190 cm großem Bett mit Lattenrost, Schrank
1 Schlafzimmer mit 2 Stockbetten von 70 x 180 cm mit Lattenrost und 1 Ausziehbett (Stockbett nicht für Kinder mit mehr als 30 kg geeignet)";"Terrasse: Küche mit Kühlschrank, 2 Kochplatten mit Gasflasche, Mikrowelle (außer Playa Tropicana), Schrank (120 x 50 cm), Gartenmöbel
Elektrizität: 220 V + Steckdosen
Parkplatz neben dem Caravan (1 Auto pro Caravan)
";0-7 Jahre;Die Aufteilung kann je nach Campingplatz variieren.;Unterkunft ohne Wasseranschluss, sanitäre Einrichtungen und Heizung;;
58;en;Vacanciale (5 places, max. 4 adultes);;;;;;;;;;;;;;
58;fr;Vacanciale (5 places, max. 4 adultes);;;;;Vous apprecierez la Vacanciale, par sa simplicité, son confort et sa terrasse couverte très pratique pour allier plein air et convivialité.;"5 personnes
Recommandé : 2 adultes + 3 enfants, bébé compris
Toléré : 4 adultes maxi. + 1 enfant, bébé compris
Adulte : à partir de 14 ans
";"Surface : Vacanciale 11 m²+ terrasse 9 m².Longueur 6,70 m x Largeur 3 m 
";" Chambre parents : 1 lit de
140x190 cm avec sommier
à lattes, penderie
 Chambre enfants : 2 lits
superposés de 70x180 cm avec
sommiers à lattes et lit gigogne
(le lit superposé ne convient pas
aux enfants de plus de 30 kg)";"Terrasse : cuisine avec
réfrigérateur, réchaud 2 feux avec
bouteille de gaz, micro-ondes
(sauf Playa Tropicana), meuble de
rangement 120x50 cm, salon de
jardin
Electricité : 220 V + prises
Parking : sur emplacement pour
un seul véhicule (sauf mention
contraire)
";0-7 ans;En fonction du camping, l’agencement peut être différent.;Hébergement sans arrivée d’eau, sans sanitaires et sans chauffage;;
58;nl;Vacanciale (5 places, max. 4 adultes);;;;;;;;;;;;;;
59;de;Vacanciale am Meer (5 Personen, maximal 4 Erwachsene);;;;;Schlicht und komfortabel zugleich: Der Caravan Vacanciale mit überdachter Terrasse und direkter Meereslage wird Ihnen gefallen.;"Empfohlen für 5 Personen: 2 Erwachsene (ab 14 Jahren) + 3 Kinder, inkl. Baby
Wir akzeptieren maximal 4 Erwachsene + 1 Kind, inkl. Baby";"Größe: Vacanciale 11 m²+ Terrasse 9 m². 6,70 x 3 m 
(LxB)
";"1 Schlafzimmer mit 140 x 190 cm großem Bett mit Lattenrost, Schrank
1 Schlafzimmer mit 2 Stockbetten (70 x 180 cm) mit Lattenrost und 1 Ausziehbett (Stockbett nicht für Kinder mit mehr als 30 kg geeignet)";"Terrasse: Küche mit Kühlschrank, 2 Kochplatten mit Gasflasche, Mikrowelle (außer Playa Tropicana), Schrank (120 x 50 cm), Gartenmöbel
Elektrizität: 220 V + Steckdosen
Parkplatz: In der Regel neben dem Caravan (1 Auto pro Caravan)
";0-7 Jahre;Die Aufteilung kann je nach Campingplatz variieren.;Unterkunft ohne Wasseranschluss, sanitäre Einrichtungen und Heizung;;
59;en;Vacanciale mer (5 places, max. 4 adultes);;;;;;;;;;;;;;
59;fr;Vacanciale mer (5 places, max. 4 adultes);;;;;Vous apprecierez la Vacanciale située proche de la plage, équipée d'une terrasse couverte , alliant confort et simplicité.;"5 personnes
Recommandé : 2 adultes + 3 enfants, bébé compris
Toléré : 4 adultes maxi. + 1 enfant, bébé compris
Adulte : à partir de 14 ans
";"Surface : Vacanciale 11 m²+ terrasse 9 m².Longueur 6,70 m x Largeur 3 m 
";" Chambre parents : 1 lit de
140x190 cm avec sommier
à lattes, penderie
 Chambre enfants : 2 lits
superposés de 70x180 cm avec
sommiers à lattes et lit gigogne
(le lit superposé ne convient pas
aux enfants de plus de 30 kg)";"Terrasse : cuisine avec
réfrigérateur, réchaud 2 feux avec
bouteille de gaz, micro-ondes
(sauf Playa Tropicana), meuble de
rangement 120x50 cm, salon de
jardin
Electricité : 220 V + prises
Parking : sur emplacement pour
un seul véhicule (sauf mention
contraire)
";0-7 ans;En fonction du camping, l’agencement peut être différent.;Hébergement sans arrivée d’eau, sans sanitaires et sans chauffage;;
59;nl;Vacanciale mer (5 places, max. 4 adultes);;;;;;;;;;;;;;
60;de;Jurte;;;;;Wenn Sie Ihren Urlaub einmal ganz anders erleben möchten, dann ist dieses traditionelle Zelt der Nomaden aus der Mongolei genau das Richtige für Sie.;"4 Personen

";"Größe: 27 m²

";1 Raum, ausgestattet mit 4 Einzelbetten, 1 Schrank und 4 Hockern. 1 Kochnische steht in einem Zelt in der Nähe zur Verfügung.;;0-7 Jahre;;Unterkunft ohne Wasseranschluss, sanitäre Einrichtungen, Elektrizität und Heizung;;
60;en;Yourte;;;;;;;;;;;;;;
60;fr;Yourte;;;;;Pour des vacances atypiques, profitez de cette tente traditionnelle mongole où le voyage et le dépaysement seront au rendez-vous;"4 personnes

";"Surface : 27 m²

";Composée d'une seule pièce meublée de 4 lits individuels, 1 armoire et 4 tabourets. Un coin cuisine est mis à disposition dans une tente à proximité.;;0-7 ans;;Hébergement sans arrivée d’eau, sans sanitaires, sans éléctricité et sans chauffage;;
60;nl;Yourte;;;;;;;;;;;;;;
61;de;Leerer Stellplatz Mobilhome;;;;;;;;;;;;;;
61;en;Emplacement nu camping car;;;;;;;;;;;;;;
61;fr;Emplacement nu camping car;;;;;;;;;;;;;;
61;nl;Emplacement nu camping car;;;;;;;;;;;;;;
62;de;Leerer Stellplatz mit Elektrizität und Hartboden;;;;;;;;;;;;;;
62;en;Emplacement nu avec électricité et sol dur;;;;;;;;;;;;;;
62;fr;Emplacement nu avec électricité et sol dur;;;;;;;;;;;;;;
62;nl;Emplacement nu avec électricité et sol dur;;;;;;;;;;;;;;
63;de;Leerer Stellplatz mit Elektrizität;;;;;;;;;;;;;;
63;en;Emplacement nu avec électricité;;;;;;;;;;;;;;
63;fr;Emplacement nu avec électricité;;;;;;;;;;;;;;
63;nl;Emplacement nu avec électricité;;;;;;;;;;;;;;
64;de;Leerer Stellplatz mit Elektrizität und Wasseranschluss;;;;;;;;;;;;;;
64;en;Emplacement nu avec électricité et eau;;;;;;;;;;;;;;
64;fr;Emplacement nu avec électricité et eau;;;;;;;;;;;;;;
64;nl;Emplacement nu avec électricité et eau;;;;;;;;;;;;;;
