1;de;argeles-mer-66;Argelès/Mer (66);;
1;en;argeles-mer-66;Argelès/Mer (66);;
1;fr;argeles-mer-66;Argelès/Mer (66);;
1;nl;argeles-mer-66;Argelès/Mer (66);;
2;de;le-grau-du-roi-30;Le Grau du Roi (30);;
2;en;le-grau-du-roi-30;Le Grau du Roi (30);;
2;fr;le-grau-du-roi-30;Le Grau du Roi (30);;
2;nl;le-grau-du-roi-30;Le Grau du Roi (30);;
3;de;palavas-les-flots-34;Palavas-les-Flots (34);;
3;en;palavas-les-flots-34;Palavas-les-Flots (34);;
3;fr;palavas-les-flots-34;Palavas-les-Flots (34);;
3;nl;palavas-les-flots-34;Palavas-les-Flots (34);;
4;de;les-eyzies-24;Les Eyzies (24);;
4;en;les-eyzies-24;Les Eyzies (24);;
4;fr;les-eyzies-24;Les Eyzies (24);;
4;nl;les-eyzies-24;Les Eyzies (24);;
5;de;vias-plage-34;Vias Plage (34);;
5;en;vias-plage-34;Vias Plage (34);;
5;fr;vias-plage-34;Vias Plage (34);;
5;nl;vias-plage-34;Vias Plage (34);;
6;de;ste-marie-la-mer-66;Ste Marie La Mer (66);;
6;en;ste-marie-la-mer-66;Ste Marie La Mer (66);;
6;fr;ste-marie-la-mer-66;Ste Marie La Mer (66);;
6;nl;ste-marie-la-mer-66;Ste Marie La Mer (66);;
7;de;torreilles-plage-66;Torreilles Plage (66);;
7;en;torreilles-plage-66;Torreilles Plage (66);;
7;fr;torreilles-plage-66;Torreilles Plage (66);;
7;nl;torreilles-plage-66;Torreilles Plage (66);;
8;de;serignan-34;Sérignan (34);;
8;en;serignan-34;Sérignan (34);;
8;fr;serignan-34;Sérignan (34);;
8;nl;serignan-34;Sérignan (34);;
9;de;meze-34;Mèze (34);;
9;en;meze-34;Mèze (34);;
9;fr;meze-34;Mèze (34);;
9;nl;meze-34;Mèze (34);;
10;de;gallargues-le-montueux-30;Gallargues le Montueux (30);;
10;en;gallargues-le-montueux-30;Gallargues le Montueux (30);;
10;fr;gallargues-le-montueux-30;Gallargues le Montueux (30);;
10;nl;gallargues-le-montueux-30;Gallargues le Montueux (30);;
11;de;curbans-05;Curbans (05);;
11;en;curbans-05;Curbans (05);;
11;fr;curbans-05;Curbans (05);;
11;nl;curbans-05;Curbans (05);;
12;de;castellane-04;Castellane (04);;
12;en;castellane-04;Castellane (04);;
12;fr;castellane-04;Castellane (04);;
12;nl;castellane-04;Castellane (04);;
13;de;hyeres-83;Hyères (83);;
13;en;hyeres-83;Hyères (83);;
13;fr;hyeres-83;Hyères (83);;
13;nl;hyeres-83;Hyères (83);;
14;de;grimaud-83;Grimaud (83);;
14;en;grimaud-83;Grimaud (83);;
14;fr;grimaud-83;Grimaud (83);;
14;nl;grimaud-83;Grimaud (83);;
15;de;antibes-06;Antibes (06);;
15;en;antibes-06;Antibes (06);;
15;fr;antibes-06;Antibes (06);;
15;nl;antibes-06;Antibes (06);;
16;de;canet-en-roussillon-66;Canet en Roussillon (66);;
16;en;canet-en-roussillon-66;Canet en Roussillon (66);;
16;fr;canet-en-roussillon-66;Canet en Roussillon (66);;
16;nl;canet-en-roussillon-66;Canet en Roussillon (66);;
17;de;le-barcares-66;Le Barcarès (66);;
17;en;le-barcares-66;Le Barcarès (66);;
17;fr;le-barcares-66;Le Barcarès (66);;
17;nl;le-barcares-66;Le Barcarès (66);;
18;de;fabrezan-11;Fabrezan (11);;
18;en;fabrezan-11;Fabrezan (11);;
18;fr;fabrezan-11;Fabrezan (11);;
18;nl;fabrezan-11;Fabrezan (11);;
19;de;agde-34;Agde (34);;
19;en;agde-34;Agde (34);;
19;fr;agde-34;Agde (34);;
19;nl;agde-34;Agde (34);;
20;de;lattes-34;Lattes (34);;
20;en;lattes-34;Lattes (34);;
20;fr;lattes-34;Lattes (34);;
20;nl;lattes-34;Lattes (34);;
21;de;nans-les-pins-83;Nans les Pins (83);;
21;en;nans-les-pins-83;Nans les Pins (83);;
21;fr;nans-les-pins-83;Nans les Pins (83);;
21;nl;nans-les-pins-83;Nans les Pins (83);;
22;de;albaron-arles-30;Albaron/Arles (30);;
22;en;albaron-arles-30;Albaron/Arles (30);;
22;fr;albaron-arles-30;Albaron/Arles (30);;
22;nl;albaron-arles-30;Albaron/Arles (30);;
23;de;la-mole-83;La Môle (83);;
23;en;la-mole-83;La Môle (83);;
23;fr;la-mole-83;La Môle (83);;
23;nl;la-mole-83;La Môle (83);;
24;de;st-laurent-du-verdon-04;St Laurent du Verdon (04);;
24;en;st-laurent-du-verdon-04;St Laurent du Verdon (04);;
24;fr;st-laurent-du-verdon-04;St Laurent du Verdon (04);;
24;nl;st-laurent-du-verdon-04;St Laurent du Verdon (04);;
25;de;l-estartit;L'Estartit;;
25;en;l-estartit;L'Estartit;;
25;fr;l-estartit;L'Estartit;;
25;nl;l-estartit;L'Estartit;;
26;de;pals;Pals;;
26;en;pals;Pals;;
26;fr;pals;Pals;;
26;nl;pals;Pals;;
27;de;calonge;Calonge;;
27;en;calonge;Calonge;;
27;fr;calonge;Calonge;;
27;nl;calonge;Calonge;;
28;de;la-noja;La Noja;;
28;en;la-noja;La Noja;;
28;fr;la-noja;La Noja;;
28;nl;la-noja;La Noja;;
29;de;castello-d-empuries;Castello d'Empuries;;
29;en;castello-d-empuries;Castello d'Empuries;;
29;fr;castello-d-empuries;Castello d'Empuries;;
29;nl;castello-d-empuries;Castello d'Empuries;;
30;de;palamos;Palamos;;
30;en;palamos;Palamos;;
30;fr;palamos;Palamos;;
30;nl;palamos;Palamos;;
31;de;blanes;Blanes;;
31;en;blanes;Blanes;;
31;fr;blanes;Blanes;;
31;nl;blanes;Blanes;;
32;de;vilanova;Vilanova;;
32;en;vilanova;Vilanova;;
32;fr;vilanova;Vilanova;;
32;nl;vilanova;Vilanova;;
33;de;mont-roig;Mont-Roig;;
33;en;mont-roig;Mont-Roig;;
33;fr;mont-roig;Mont-Roig;;
33;nl;mont-roig;Mont-Roig;;
34;de;amettla-de-mar;Amettla De Mar;;
34;en;amettla-de-mar;Amettla De Mar;;
34;fr;amettla-de-mar;Amettla De Mar;;
34;nl;amettla-de-mar;Amettla De Mar;;
35;de;alcossebre;Alcossebre;;
35;en;alcossebre;Alcossebre;;
35;fr;alcossebre;Alcossebre;;
35;nl;alcossebre;Alcossebre;;
36;de;grado;Grado;;
36;en;grado;Grado;;
36;fr;grado;Grado;;
36;nl;grado;Grado;;
37;de;sottomarina-di-chioggoa;Sottomarina di Chioggoa;;
37;en;sottomarina-di-chioggoa;Sottomarina di Chioggoa;;
37;fr;sottomarina-di-chioggoa;Sottomarina di Chioggoa;;
37;nl;sottomarina-di-chioggoa;Sottomarina di Chioggoa;;
38;de;lido-di-spina;Lido Di Spina;;
38;en;lido-di-spina;Lido Di Spina;;
38;fr;lido-di-spina;Lido Di Spina;;
38;nl;lido-di-spina;Lido Di Spina;;
39;de;cecina;Cecina;;
39;en;cecina;Cecina;;
39;fr;cecina;Cecina;;
39;nl;cecina;Cecina;;
40;de;st-paul-en-foret-83;St Paul en Forêt (83);;
40;en;st-paul-en-foret-83;St Paul en Forêt (83);;
40;fr;st-paul-en-foret-83;St Paul en Forêt (83);;
40;nl;st-paul-en-foret-83;St Paul en Forêt (83);;
41;de;la-roquette-sur-siagne-06;La Roquette Sur Siagne (06);;
41;en;la-roquette-sur-siagne-06;La Roquette Sur Siagne (06);;
41;fr;la-roquette-sur-siagne-06;La Roquette Sur Siagne (06);;
41;nl;la-roquette-sur-siagne-06;La Roquette Sur Siagne (06);;
42;de;ghisonaccia-20;Ghisonaccia (20);;
42;en;ghisonaccia-20;Ghisonaccia (20);;
42;fr;ghisonaccia-20;Ghisonaccia (20);;
42;nl;ghisonaccia-20;Ghisonaccia (20);;
43;de;porto-vecchio-20;Porto Vecchio (20);;
43;en;porto-vecchio-20;Porto Vecchio (20);;
43;fr;porto-vecchio-20;Porto Vecchio (20);;
43;nl;porto-vecchio-20;Porto Vecchio (20);;
44;de;san-vincenzo;San Vincenzo;;
44;en;san-vincenzo;San Vincenzo;;
44;fr;san-vincenzo;San Vincenzo;;
44;nl;san-vincenzo;San Vincenzo;;
45;de;castiglione-della-pescaia;Castiglione della Pescaia;;
45;en;castiglione-della-pescaia;Castiglione della Pescaia;;
45;fr;castiglione-della-pescaia;Castiglione della Pescaia;;
45;nl;castiglione-della-pescaia;Castiglione della Pescaia;;
46;de;beynat-19;Beynat (19);;
46;en;beynat-19;Beynat (19);;
46;fr;beynat-19;Beynat (19);;
46;nl;beynat-19;Beynat (19);;
47;de;saint-jean-de-monts-85;Saint Jean de Monts (85);;
47;en;saint-jean-de-monts-85;Saint Jean de Monts (85);;
47;fr;saint-jean-de-monts-85;Saint Jean de Monts (85);;
47;nl;saint-jean-de-monts-85;Saint Jean de Monts (85);;
48;de;erquy-22;Erquy (22);;
48;en;erquy-22;Erquy (22);;
48;fr;erquy-22;Erquy (22);;
48;nl;erquy-22;Erquy (22);;
49;de;calviac-en-perigord-24;Calviac en Périgord (24);;
49;en;calviac-en-perigord-24;Calviac en Périgord (24);;
49;fr;calviac-en-perigord-24;Calviac en Périgord (24);;
49;nl;calviac-en-perigord-24;Calviac en Périgord (24);;
50;de;benodet-29;Bénodet (29);;
50;en;benodet-29;Bénodet (29);;
50;fr;benodet-29;Bénodet (29);;
50;nl;benodet-29;Bénodet (29);;
51;de;nevez-29;Nevez (29);;
51;en;nevez-29;Nevez (29);;
51;fr;nevez-29;Nevez (29);;
51;nl;nevez-29;Nevez (29);;
52;de;murol-63;Murol (63);;
52;en;murol-63;Murol (63);;
52;fr;murol-63;Murol (63);;
52;nl;murol-63;Murol (63);;
53;de;quiberon-56;Quiberon (56);;
53;en;quiberon-56;Quiberon (56);;
53;fr;quiberon-56;Quiberon (56);;
53;nl;quiberon-56;Quiberon (56);;
54;de;st-martial-de-nabirat-24;St Martial de Nabirat (24);;
54;en;st-martial-de-nabirat-24;St Martial de Nabirat (24);;
54;fr;st-martial-de-nabirat-24;St Martial de Nabirat (24);;
54;nl;st-martial-de-nabirat-24;St Martial de Nabirat (24);;
55;de;le-palais-56;Le Palais (56);;
55;en;le-palais-56;Le Palais (56);;
55;fr;le-palais-56;Le Palais (56);;
55;nl;le-palais-56;Le Palais (56);;
56;de;souillac-46;Souillac (46);;
56;en;souillac-46;Souillac (46);;
56;fr;souillac-46;Souillac (46);;
56;nl;souillac-46;Souillac (46);;
57;de;penestin-56;Pénestin (56);;
57;en;penestin-56;Pénestin (56);;
57;fr;penestin-56;Pénestin (56);;
57;nl;penestin-56;Pénestin (56);;
58;de;la-baule-44;La Baule (44);;
58;en;la-baule-44;La Baule (44);;
58;fr;la-baule-44;La Baule (44);;
58;nl;la-baule-44;La Baule (44);;
59;de;ruynes-en-margeride-15;Ruynes en Margeride (15);;
59;en;ruynes-en-margeride-15;Ruynes en Margeride (15);;
59;fr;ruynes-en-margeride-15;Ruynes en Margeride (15);;
59;nl;ruynes-en-margeride-15;Ruynes en Margeride (15);;
60;de;guerande-44;Guérande (44);;
60;en;guerande-44;Guérande (44);;
60;fr;guerande-44;Guérande (44);;
60;nl;guerande-44;Guérande (44);;
61;de;pornic-44;Pornic (44);;
61;en;pornic-44;Pornic (44);;
61;fr;pornic-44;Pornic (44);;
61;nl;pornic-44;Pornic (44);;
62;de;canet-de-salars-12;Canet de Salars (12);;
62;en;canet-de-salars-12;Canet de Salars (12);;
62;fr;canet-de-salars-12;Canet de Salars (12);;
62;nl;canet-de-salars-12;Canet de Salars (12);;
63;de;saint-hilaire-de-riez-85;Saint Hilaire de Riez (85);;
63;en;saint-hilaire-de-riez-85;Saint Hilaire de Riez (85);;
63;fr;saint-hilaire-de-riez-85;Saint Hilaire de Riez (85);;
63;nl;saint-hilaire-de-riez-85;Saint Hilaire de Riez (85);;
64;de;saint-gilles-croix-de-vie-85;Saint Gilles Croix de Vie (85);;
64;en;saint-gilles-croix-de-vie-85;Saint Gilles Croix de Vie (85);;
64;fr;saint-gilles-croix-de-vie-85;Saint Gilles Croix de Vie (85);;
64;nl;saint-gilles-croix-de-vie-85;Saint Gilles Croix de Vie (85);;
65;de;brem-sur-mer-85;Brem sur Mer (85);;
65;en;brem-sur-mer-85;Brem sur Mer (85);;
65;fr;brem-sur-mer-85;Brem sur Mer (85);;
65;nl;brem-sur-mer-85;Brem sur Mer (85);;
66;de;isigny-sur-mer-14;Isigny sur Mer (14);;
66;en;isigny-sur-mer-14;Isigny sur Mer (14);;
66;fr;isigny-sur-mer-14;Isigny sur Mer (14);;
66;nl;isigny-sur-mer-14;Isigny sur Mer (14);;
67;de;chatillon-en-diois-26;Chatillon en Diois (26);;
67;en;chatillon-en-diois-26;Chatillon en Diois (26);;
67;fr;chatillon-en-diois-26;Chatillon en Diois (26);;
67;nl;chatillon-en-diois-26;Chatillon en Diois (26);;
68;de;vogue-gare-07;Vögue Gare (07);;
68;en;vogue-gare-07;Vögue Gare (07);;
68;fr;vogue-gare-07;Vögue Gare (07);;
68;nl;vogue-gare-07;Vögue Gare (07);;
69;de;lagorce-vallon-pont-d-arc-07;Lagorce-Vallon Pont d'Arc (07);;
69;en;lagorce-vallon-pont-d-arc-07;Lagorce-Vallon Pont d'Arc (07);;
69;fr;lagorce-vallon-pont-d-arc-07;Lagorce-Vallon Pont d'Arc (07);;
69;nl;lagorce-vallon-pont-d-arc-07;Lagorce-Vallon Pont d'Arc (07);;
70;de;vallon-pont-d-arc-07;Vallon Pont d'Arc (07);;
70;en;vallon-pont-d-arc-07;Vallon Pont d'Arc (07);;
70;fr;vallon-pont-d-arc-07;Vallon Pont d'Arc (07);;
70;nl;vallon-pont-d-arc-07;Vallon Pont d'Arc (07);;
71;de;jard-sur-mer-85;Jard sur Mer (85);;
71;en;jard-sur-mer-85;Jard sur Mer (85);;
71;fr;jard-sur-mer-85;Jard sur Mer (85);;
71;nl;jard-sur-mer-85;Jard sur Mer (85);;
72;de;la-tranche-sur-mer-85;La Tranche sur Mer (85);;
72;en;la-tranche-sur-mer-85;La Tranche sur Mer (85);;
72;fr;la-tranche-sur-mer-85;La Tranche sur Mer (85);;
72;nl;la-tranche-sur-mer-85;La Tranche sur Mer (85);;
73;de;patornay-39;Patornay (39);;
73;en;patornay-39;Patornay (39);;
73;fr;patornay-39;Patornay (39);;
73;nl;patornay-39;Patornay (39);;
74;de;suevres-41;Suèvres (41);;
74;en;suevres-41;Suèvres (41);;
74;fr;suevres-41;Suèvres (41);;
74;nl;suevres-41;Suèvres (41);;
75;de;ax-les-thermes-09;Ax les Thermes (09);;
75;en;ax-les-thermes-09;Ax les Thermes (09);;
75;fr;ax-les-thermes-09;Ax les Thermes (09);;
75;nl;ax-les-thermes-09;Ax les Thermes (09);;
76;de;thoux-32;Thoux (32);;
76;en;thoux-32;Thoux (32);;
76;fr;thoux-32;Thoux (32);;
76;nl;thoux-32;Thoux (32);;
77;de;olonne-sur-mer-85;Olonne sur Mer (85);;
77;en;olonne-sur-mer-85;Olonne sur Mer (85);;
77;fr;olonne-sur-mer-85;Olonne sur Mer (85);;
77;nl;olonne-sur-mer-85;Olonne sur Mer (85);;
78;de;ruoms-07;Ruoms (07);;
78;en;ruoms-07;Ruoms (07);;
78;fr;ruoms-07;Ruoms (07);;
78;nl;ruoms-07;Ruoms (07);;
79;de;talmont-saint-hilaire-85;Talmont Saint Hilaire (85);;
79;en;talmont-saint-hilaire-85;Talmont Saint Hilaire (85);;
79;fr;talmont-saint-hilaire-85;Talmont Saint Hilaire (85);;
79;nl;talmont-saint-hilaire-85;Talmont Saint Hilaire (85);;
80;de;lathuile-74;Lathuile (74);;
80;en;lathuile-74;Lathuile (74);;
80;fr;lathuile-74;Lathuile (74);;
80;nl;lathuile-74;Lathuile (74);;
81;de;doussard-74;Doussard (74);;
81;en;doussard-74;Doussard (74);;
81;fr;doussard-74;Doussard (74);;
81;nl;doussard-74;Doussard (74);;
82;de;wattwiller-68;Wattwiller (68);;
82;en;wattwiller-68;Wattwiller (68);;
82;fr;wattwiller-68;Wattwiller (68);;
82;nl;wattwiller-68;Wattwiller (68);;
83;de;puilboreau-17;Puilboreau (17);;
83;en;puilboreau-17;Puilboreau (17);;
83;fr;puilboreau-17;Puilboreau (17);;
83;nl;puilboreau-17;Puilboreau (17);;
84;de;saint-denis-d-oleron-17;Saint Denis d'Oléron (17);;
84;en;saint-denis-d-oleron-17;Saint Denis d'Oléron (17);;
84;fr;saint-denis-d-oleron-17;Saint Denis d'Oléron (17);;
84;nl;saint-denis-d-oleron-17;Saint Denis d'Oléron (17);;
85;de;saint-georges-d-oleron-17;Saint Georges d'Oléron (17);;
85;en;saint-georges-d-oleron-17;Saint Georges d'Oléron (17);;
85;fr;saint-georges-d-oleron-17;Saint Georges d'Oléron (17);;
85;nl;saint-georges-d-oleron-17;Saint Georges d'Oléron (17);;
86;de;chatelaillon-plage-17;Chatelaillon Plage (17);;
86;en;chatelaillon-plage-17;Chatelaillon Plage (17);;
86;fr;chatelaillon-plage-17;Chatelaillon Plage (17);;
86;nl;chatelaillon-plage-17;Chatelaillon Plage (17);;
87;de;les-mathes-17;Les Mathes (17);;
87;en;les-mathes-17;Les Mathes (17);;
87;fr;les-mathes-17;Les Mathes (17);;
87;nl;les-mathes-17;Les Mathes (17);;
88;de;hourtin-plage-33;Hourtin Plage (33);;
88;en;hourtin-plage-33;Hourtin Plage (33);;
88;fr;hourtin-plage-33;Hourtin Plage (33);;
88;nl;hourtin-plage-33;Hourtin Plage (33);;
89;de;lege-cap-ferret-33;Lège Cap Ferret (33);;
89;en;lege-cap-ferret-33;Lège Cap Ferret (33);;
89;fr;lege-cap-ferret-33;Lège Cap Ferret (33);;
89;nl;lege-cap-ferret-33;Lège Cap Ferret (33);;
90;de;biscarrosse-40;Biscarrosse (40);;
90;en;biscarrosse-40;Biscarrosse (40);;
90;fr;biscarrosse-40;Biscarrosse (40);;
90;nl;biscarrosse-40;Biscarrosse (40);;
91;de;aureilhan-40;Aureilhan (40);;
91;en;aureilhan-40;Aureilhan (40);;
91;fr;aureilhan-40;Aureilhan (40);;
91;nl;aureilhan-40;Aureilhan (40);;
92;de;vielle-saint-girons-40;Vielle Saint Girons (40);;
92;en;vielle-saint-girons-40;Vielle Saint Girons (40);;
92;fr;vielle-saint-girons-40;Vielle Saint Girons (40);;
92;nl;vielle-saint-girons-40;Vielle Saint Girons (40);;
93;de;azur-40;Azur (40);;
93;en;azur-40;Azur (40);;
93;fr;azur-40;Azur (40);;
93;nl;azur-40;Azur (40);;
94;de;loix-en-re-17;Loix en Ré (17);;
94;en;loix-en-re-17;Loix en Ré (17);;
94;fr;loix-en-re-17;Loix en Ré (17);;
94;nl;loix-en-re-17;Loix en Ré (17);;
95;de;boyardville-17;Boyardville (17);;
95;en;boyardville-17;Boyardville (17);;
95;fr;boyardville-17;Boyardville (17);;
95;nl;boyardville-17;Boyardville (17);;
96;de;saint-laurent-de-la-pree-17;Saint Laurent de la Prée (17);;
96;en;saint-laurent-de-la-pree-17;Saint Laurent de la Prée (17);;
96;fr;saint-laurent-de-la-pree-17;Saint Laurent de la Prée (17);;
96;nl;saint-laurent-de-la-pree-17;Saint Laurent de la Prée (17);;
97;de;soulac-33;Soulac (33);;
97;en;soulac-33;Soulac (33);;
97;fr;soulac-33;Soulac (33);;
97;nl;soulac-33;Soulac (33);;
98;de;lacanau-33;Lacanau (33);;
98;en;lacanau-33;Lacanau (33);;
98;fr;lacanau-33;Lacanau (33);;
98;nl;lacanau-33;Lacanau (33);;
99;de;sanguinet-40;Sanguinet (40);;
99;en;sanguinet-40;Sanguinet (40);;
99;fr;sanguinet-40;Sanguinet (40);;
99;nl;sanguinet-40;Sanguinet (40);;
100;de;mezos-40;Mézos (40);;
100;en;mezos-40;Mézos (40);;
100;fr;mezos-40;Mézos (40);;
100;nl;mezos-40;Mézos (40);;
101;de;lit-et-mixe-40;Lit et Mixe (40);;
101;en;lit-et-mixe-40;Lit et Mixe (40);;
101;fr;lit-et-mixe-40;Lit et Mixe (40);;
101;nl;lit-et-mixe-40;Lit et Mixe (40);;
102;de;messanges-40;Messanges (40);;
102;en;messanges-40;Messanges (40);;
102;fr;messanges-40;Messanges (40);;
102;nl;messanges-40;Messanges (40);;
103;de;seignosse-40;Seignosse (40);;
103;en;seignosse-40;Seignosse (40);;
103;fr;seignosse-40;Seignosse (40);;
103;nl;seignosse-40;Seignosse (40);;
104;de;bidart-64;Bidart (64);;
104;en;bidart-64;Bidart (64);;
104;fr;bidart-64;Bidart (64);;
104;nl;bidart-64;Bidart (64);;
105;de;carsac-aillac-24;Carsac Aillac (24);;
105;en;carsac-aillac-24;Carsac Aillac (24);;
105;fr;carsac-aillac-24;Carsac Aillac (24);;
105;nl;carsac-aillac-24;Carsac Aillac (24);;
106;de;sigean-11;Sigean (11);;
106;en;sigean-11;Sigean (11);;
106;fr;sigean-11;Sigean (11);;
106;nl;sigean-11;Sigean (11);;
107;de;marina-di-bibbona;Marina Di Bibbona;;
107;en;marina-di-bibbona;Marina Di Bibbona;;
107;fr;marina-di-bibbona;Marina Di Bibbona;;
107;nl;marina-di-bibbona;Marina Di Bibbona;;
108;de;platja-de-pals;Platja de Pals;;
108;en;platja-de-pals;Platja de Pals;;
108;fr;platja-de-pals;Platja de Pals;;
108;nl;platja-de-pals;Platja de Pals;;
109;de;plescop-56;Plescop (56);;
109;en;plescop-56;Plescop (56);;
109;fr;plescop-56;Plescop (56);;
109;nl;plescop-56;Plescop (56);;
110;de;plouescat-29;Plouescat (29);;
110;en;plouescat-29;Plouescat (29);;
110;fr;plouescat-29;Plouescat (29);;
110;nl;plouescat-29;Plouescat (29);;
111;de;saint-clement-des-baleines-17;Saint Clément des Baleines (17);;
111;en;saint-clement-des-baleines-17;Saint Clément des Baleines (17);;
111;fr;saint-clement-des-baleines-17;Saint Clément des Baleines (17);;
111;nl;saint-clement-des-baleines-17;Saint Clément des Baleines (17);;
112;de;pyla-sur-mer;Pyla sur Mer;;
112;en;pyla-sur-mer;Pyla sur Mer;;
112;fr;pyla-sur-mer;Pyla sur Mer;;
112;nl;pyla-sur-mer;Pyla sur Mer;;
113;de;sete-34;Sète (34);;
113;en;sete-34;Sète (34);;
113;fr;sete-34;Sète (34);;
113;nl;sete-34;Sète (34);;
114;de;claouey;Claouey;;
114;en;claouey;Claouey;;
114;fr;claouey;Claouey;;
114;nl;claouey;Claouey;;
115;de;castellare-di-casinca-2b;Castellare Di Casinca (2B);;
115;en;castellare-di-casinca-2b;Castellare Di Casinca (2B);;
115;fr;castellare-di-casinca-2b;Castellare Di Casinca (2B);;
115;nl;castellare-di-casinca-2b;Castellare Di Casinca (2B);;
116;de;auberville-14;Auberville (14);;
116;en;auberville-14;Auberville (14);;
116;fr;auberville-14;Auberville (14);;
116;nl;auberville-14;Auberville (14);;
117;de;colombiers-34;Colombiers (34);;
117;en;colombiers-34;Colombiers (34);;
117;fr;colombiers-34;Colombiers (34);;
117;nl;colombiers-34;Colombiers (34);;
118;de;egletons-19;Egletons (19);;
118;en;egletons-19;Egletons (19);;
118;fr;egletons-19;Egletons (19);;
118;nl;egletons-19;Egletons (19);;
119;de;chevilly-larue-94;Chevilly-Larue (94);;
119;en;chevilly-larue-94;Chevilly-Larue (94);;
119;fr;chevilly-larue-94;Chevilly-Larue (94);;
119;nl;chevilly-larue-94;Chevilly-Larue (94);;
120;de;camiers-62;Camiers (62);;
120;en;camiers-62;Camiers (62);;
120;fr;camiers-62;Camiers (62);;
120;nl;camiers-62;Camiers (62);;
121;de;saint-yvi-29;Saint Yvi (29);;
121;en;saint-yvi-29;Saint Yvi (29);;
121;fr;saint-yvi-29;Saint Yvi (29);;
121;nl;saint-yvi-29;Saint Yvi (29);;
122;de;touquin-77;Touquin (77);;
122;en;touquin-77;Touquin (77);;
122;fr;touquin-77;Touquin (77);;
122;nl;touquin-77;Touquin (77);;
123;de;montagnac-montpezat-04;Montagnac-Montpezat (04);;
123;en;montagnac-montpezat-04;Montagnac-Montpezat (04);;
123;fr;montagnac-montpezat-04;Montagnac-Montpezat (04);;
123;nl;montagnac-montpezat-04;Montagnac-Montpezat (04);;
124;de;saint-christol-34;Saint Christol (34);;
124;en;saint-christol-34;Saint Christol (34);;
124;fr;saint-christol-34;Saint Christol (34);;
124;nl;saint-christol-34;Saint Christol (34);;
125;de;signes-83;Signes (83);;
125;en;signes-83;Signes (83);;
125;fr;signes-83;Signes (83);;
125;nl;signes-83;Signes (83);;
126;de;fabregues-34;Fabrègues (34);;
126;en;fabregues-34;Fabrègues (34);;
126;fr;fabregues-34;Fabrègues (34);;
126;nl;fabregues-34;Fabrègues (34);;
127;de;beziers-34;Béziers (34);;
127;en;beziers-34;Béziers (34);;
127;fr;beziers-34;Béziers (34);;
127;nl;beziers-34;Béziers (34);;
128;de;castries-34;Castries (34);;
128;en;castries-34;Castries (34);;
128;fr;castries-34;Castries (34);;
128;nl;castries-34;Castries (34);;
129;de;les-angles-66;Les Angles (66);;
129;en;les-angles-66;Les Angles (66);;
129;fr;les-angles-66;Les Angles (66);;
129;nl;les-angles-66;Les Angles (66);;
130;de;aubignan-84;Aubignan (84);;
130;en;aubignan-84;Aubignan (84);;
130;fr;aubignan-84;Aubignan (84);;
130;nl;aubignan-84;Aubignan (84);;
131;de;grandcamp-maisy-14;Grandcamp-Maisy (14);;
131;en;grandcamp-maisy-14;Grandcamp-Maisy (14);;
131;fr;grandcamp-maisy-14;Grandcamp-Maisy (14);;
131;nl;grandcamp-maisy-14;Grandcamp-Maisy (14);;
132;de;munster;Munster;;
132;en;munster;Munster;;
132;fr;munster;Munster;;
132;nl;munster;Munster;;
133;de;trogues-37;Trogues (37);;
133;en;trogues-37;Trogues (37);;
133;fr;trogues-37;Trogues (37);;
133;nl;trogues-37;Trogues (37);;
134;de;thonon-les-bains-74;Thonon les bains (74);;
134;en;thonon-les-bains-74;Thonon les bains (74);;
134;fr;thonon-les-bains-74;Thonon les bains (74);;
134;nl;thonon-les-bains-74;Thonon les bains (74);;
135;de;ondres-40;Ondres (40);;
135;en;ondres-40;Ondres (40);;
135;fr;ondres-40;Ondres (40);;
135;nl;ondres-40;Ondres (40);;
136;de;marigny-39;Marigny (39);;
136;en;marigny-39;Marigny (39);;
136;fr;marigny-39;Marigny (39);;
136;nl;marigny-39;Marigny (39);;
137;de;villecroze-83;Villecroze (83);;
137;en;villecroze-83;Villecroze (83);;
137;fr;villecroze-83;Villecroze (83);;
137;nl;villecroze-83;Villecroze (83);;
138;de;passy-74;Passy (74);;
138;en;passy-74;Passy (74);;
138;fr;passy-74;Passy (74);;
138;nl;passy-74;Passy (74);;
139;de;carnac-56;Carnac (56);;
139;en;carnac-56;Carnac (56);;
139;fr;carnac-56;Carnac (56);;
139;nl;carnac-56;Carnac (56);;
140;de;st-cyprien-66;St Cyprien (66);;
140;en;st-cyprien-66;St Cyprien (66);;
140;fr;st-cyprien-66;St Cyprien (66);;
140;nl;st-cyprien-66;St Cyprien (66);;
141;de;frejus-83;Fréjus (83);;
141;en;frejus-83;Fréjus (83);;
141;fr;frejus-83;Fréjus (83);;
141;nl;frejus-83;Fréjus (83);;
142;de;saint-cast-22;Saint Cast (22);;
142;en;saint-cast-22;Saint Cast (22);;
142;fr;saint-cast-22;Saint Cast (22);;
142;nl;saint-cast-22;Saint Cast (22);;
143;de;latour-bas-elne-66;Latour-Bas-Elne (66);;
143;en;latour-bas-elne-66;Latour-Bas-Elne (66);;
143;fr;latour-bas-elne-66;Latour-Bas-Elne (66);;
143;nl;latour-bas-elne-66;Latour-Bas-Elne (66);;
144;de;le-cannet-06;Le Cannet (06);;
144;en;le-cannet-06;Le Cannet (06);;
144;fr;le-cannet-06;Le Cannet (06);;
144;nl;le-cannet-06;Le Cannet (06);;
145;de;vendres-plage-34;Vendres-Plage (34);;
145;en;vendres-plage-34;Vendres-Plage (34);;
145;fr;vendres-plage-34;Vendres-Plage (34);;
145;nl;vendres-plage-34;Vendres-Plage (34);;
146;de;st-aman-des-cots-12;St Aman des Côts (12);;
146;en;st-aman-des-cots-12;St Aman des Côts (12);;
146;fr;st-aman-des-cots-12;St Aman des Côts (12);;
146;nl;st-aman-des-cots-12;St Aman des Côts (12);;
147;de;le-portel-62;Le Portel (62);;
147;en;le-portel-62;Le Portel (62);;
147;fr;le-portel-62;Le Portel (62);;
147;nl;le-portel-62;Le Portel (62);;
148;de;saint-julien-des-landes-85;Saint Julien des Landes (85);;
148;en;saint-julien-des-landes-85;Saint Julien des Landes (85);;
148;fr;saint-julien-des-landes-85;Saint Julien des Landes (85);;
148;nl;saint-julien-des-landes-85;Saint Julien des Landes (85);;
149;de;chateau-d-oleron-17;Chateau d'Oléron (17);;
149;en;chateau-d-oleron-17;Chateau d'Oléron (17);;
149;fr;chateau-d-oleron-17;Chateau d'Oléron (17);;
149;nl;chateau-d-oleron-17;Chateau d'Oléron (17);;
150;de;montalivet-33;Montalivet (33);;
150;en;montalivet-33;Montalivet (33);;
150;fr;montalivet-33;Montalivet (33);;
150;nl;montalivet-33;Montalivet (33);;
151;de;juvignac-34;Juvignac (34);;
151;en;juvignac-34;Juvignac (34);;
151;fr;juvignac-34;Juvignac (34);;
151;nl;juvignac-34;Juvignac (34);;
152;de;narbonne-plage-11;Narbonne Plage (11);;
152;en;narbonne-plage-11;Narbonne Plage (11);;
152;fr;narbonne-plage-11;Narbonne Plage (11);;
152;nl;narbonne-plage-11;Narbonne Plage (11);;
153;de;la-roquette-d-antheron-13;La Roquette d'Anthéron (13);;
153;en;la-roquette-d-antheron-13;La Roquette d'Anthéron (13);;
153;fr;la-roquette-d-antheron-13;La Roquette d'Anthéron (13);;
153;nl;la-roquette-d-antheron-13;La Roquette d'Anthéron (13);;
154;de;st-aygulf-83;St Aygulf (83);;
154;en;st-aygulf-83;St Aygulf (83);;
154;fr;st-aygulf-83;St Aygulf (83);;
154;nl;st-aygulf-83;St Aygulf (83);;
155;de;creixell-platja;Creixell platja;;
155;en;creixell-platja;Creixell platja;;
155;fr;creixell-platja;Creixell platja;;
155;nl;creixell-platja;Creixell platja;;
156;de;carqueiranne-83;Carqueiranne (83);;
156;en;carqueiranne-83;Carqueiranne (83);;
156;fr;carqueiranne-83;Carqueiranne (83);;
156;nl;carqueiranne-83;Carqueiranne (83);;
157;de;cavallino;Cavallino;;
157;en;cavallino;Cavallino;;
157;fr;cavallino;Cavallino;;
157;nl;cavallino;Cavallino;;
158;de;st-georges-de-didonne-17;St Georges-de-Didonne (17);;
158;en;st-georges-de-didonne-17;St Georges-de-Didonne (17);;
158;fr;st-georges-de-didonne-17;St Georges-de-Didonne (17);;
158;nl;st-georges-de-didonne-17;St Georges-de-Didonne (17);;
159;de;vic-la-gardiole-34;Vic la Gardiole (34);;
159;en;vic-la-gardiole-34;Vic la Gardiole (34);;
159;fr;vic-la-gardiole-34;Vic la Gardiole (34);;
159;nl;vic-la-gardiole-34;Vic la Gardiole (34);;
160;de;biesheim-68;Biesheim (68);;
160;en;biesheim-68;Biesheim (68);;
160;fr;biesheim-68;Biesheim (68);;
160;nl;biesheim-68;Biesheim (68);;
161;de;seppois-le-bas-68;Seppois-le-bas (68);;
161;en;seppois-le-bas-68;Seppois-le-bas (68);;
161;fr;seppois-le-bas-68;Seppois-le-bas (68);;
161;nl;seppois-le-bas-68;Seppois-le-bas (68);;
162;de;nages-81;Nages (81);;
162;en;nages-81;Nages (81);;
162;fr;nages-81;Nages (81);;
162;nl;nages-81;Nages (81);;
163;de;volonne-04;Volonne (04);;
163;en;volonne-04;Volonne (04);;
163;fr;volonne-04;Volonne (04);;
163;nl;volonne-04;Volonne (04);;
164;de;lido-delle-nazioni;Lido delle Nazioni;;
164;en;lido-delle-nazioni;Lido delle Nazioni;;
164;fr;lido-delle-nazioni;Lido delle Nazioni;;
164;nl;lido-delle-nazioni;Lido delle Nazioni;;
165;de;alfaz-del-pi;Alfaz del PI;;
165;en;alfaz-del-pi;Alfaz del PI;;
165;fr;alfaz-del-pi;Alfaz del PI;;
165;nl;alfaz-del-pi;Alfaz del PI;;
166;de;platja-d-aro;Platja d'Aro;;
166;en;platja-d-aro;Platja d'Aro;;
166;fr;platja-d-aro;Platja d'Aro;;
166;nl;platja-d-aro;Platja d'Aro;;
167;de;punta-marina;Punta Marina;;
167;en;punta-marina;Punta Marina;;
167;fr;punta-marina;Punta Marina;;
167;nl;punta-marina;Punta Marina;;
168;de;cesenatico;Cesenatico;;
168;en;cesenatico;Cesenatico;;
168;fr;cesenatico;Cesenatico;;
168;nl;cesenatico;Cesenatico;;
169;de;quinson-04;Quinson (04);;
169;en;quinson-04;Quinson (04);;
169;fr;quinson-04;Quinson (04);;
169;nl;quinson-04;Quinson (04);;
170;de;pres-du-verdon-04;Près du Verdon (04);;
170;en;pres-du-verdon-04;Près du Verdon (04);;
170;fr;pres-du-verdon-04;Près du Verdon (04);;
170;nl;pres-du-verdon-04;Près du Verdon (04);;
