AMI4	Amical	amical-mobilhome-exterieur-1
AMI4	Amical	amical-mobilhome-chambre-4
AMI4	Amical	amical-mobilhome-exterieur-2
AMI4	Amical	amical-mobilhome-sejour-3
MAIS	Bungalows Domaine d'Anghione 2-4	bungalow-domaine d'anghione-cuisine-5
MAIS	Bungalows Domaine d'Anghione 2-4	bungalow-domaine d'anghione-exterieur-6
MAIS	Bungalows Domaine d'Anghione 2-4	bungalow-domaine d'anghione-sejour-4
CHA5	Chalet	chalet-hebergement-exterieur-1
CHA5	Chalet	chalet-hebergement-exterieur-2
CON5	Conviviale	conviviale-caravane-exterieur-1
CON5	Conviviale	conviviale-caravane-chambre-3
CON5	Conviviale	conviviale-caravane-chambre-2
COR6	Cordial 6	cordial-mobilhome-chambre-5
COR6	Cordial 6	cordial-mobilhome-chambre-6
COR6	Cordial 6	cordial-mobilhome-exterieur-1
COR6	Cordial 6	cordial-mobilhome-exterieur-2
COR6	Cordial 6	cordial-mobilhome-sejour-3
DOM6	Domanial 6	domanial-mobilhome-exterieur-1
DOM6	Domanial 6	domanial-mobilhome-chambre-4
DOM6	Domanial 6 	domanial-mobilhome-salledebain-5
DOM6	Domanial 6	domanial-mobilhome-sejour-3
DOM6	Domanial 6	domanial-mobilhome-terrasse-2
DOML	Domanial Luxe	domanialluxe-mobilhome-exterieur-1
DOML	Domanial Luxe	domanialluxe-mobilhome-exterieur-2
DOML	Domanial Luxe	domanialluxe-mobilhome-terrasse-3
TECO	Ecolodge	ecolodge-tente-exterieur-1
TECO	Ecolodge	ecolodge-tente-chambre-3
TECO	Ecolodge	ecolodge-tente-sejour-2
EST5	Estivale	estivale-caravane-exterieur-1
EST5	Estivale	estivale-caravane-chambre-3
EST5	Estivale	estivale-caravane-cuisine-5
EST5	Estivale	estivale-caravane-exterieur-2
EST5	Estivale	estivale-caravane-sejour-4
FAM6	Familial 6	familial-mobilhome-exterieur-1
FAM6	Familial 6	familial-mobilhome-sejour-2
FAM6	Familial 6	familial-mobilhome-chambre-3
FAM6	Familial 6	familial-mobilhome-chambre-4
HEL6	Helios	helios-mobilhome-exterieur-1
HEL6	Helios	helios-mobilhome-chambre-3
HEL6	Helios	helios-mobilhome-chambre-4
HEL6	Helios	helios-mobilhome-chambre-5
HEL6	Helios	helios-mobilhome-salledebain-6
HEL6	Helios	helios-mobilhome-sejour-2
LOG5	Logial	logial-mobilhome-exterieur-1
LOG5	Logial	logial-mobilhome-sejour-2
RES5	Résidential	residential-mobilhome-exterieur-1
RES5	Résidential	residential-mobilhome-chambre-3
RES5	Résidential	residential-mobilhome-sejour-2
SPA6	Spacial	spacial-mobilhome-exterieur-1
SPA6	Spacial	spacial-mobilhome-chambre-5
SPA6	Spacial	spacial-mobilhome-exterieur-2
SPA6	Spacial	spacial-mobilhome-sejour-3
TBIH	Ty Bihan	tybihan-gite-chambre-3
TBIH	Ty Bihan	tybihan-gite-chambre-4
TBIH	Ty Bihan	tybihan-gite-exterieur-1
TBIH	Ty Bihan	tybihan-gite-sejour-2
TBRA	Ty Bras	tybras-gite-exterieur-1
TBRA	Ty Bras	tybras-gite-chambre-4
TBRA	Ty Bras	tybras-gite-chambre-5
TBRA	Ty Bras	tybras-gite-chambre-6
TBRA	Ty Bras	tybras-gite-salleamanger-3
TBRA	Ty Bras	tybras-gite-salledebain-7
TBRA	Ty Bras	tybras-gite-sejour-2
TCOZ	Ty Coz	tycoz-gite-exterieur-1
TCOZ	Ty Coz	tycoz-gite-chambre-4
TCOZ	Ty Coz	tycoz-gite-chambre-5
TCOZ	Ty Coz	tycoz-gite-salleamanger-3
TCOZ	Ty Coz	tycoz-gite-sejour-2
TDA1	Ty Daou 1	tydaou1-gite-exterieur-1
TDA1	Ty Daou 1	tydaou1-gite-chambre-3
TDA1	Ty Daou 1	tydaou1-gite-chambre-4
TDA1	Ty Daou 1	tydaou1-gite-cuisine-2
TDA2	Ty Daou 2	tydaou2-gite-exterieur-1
TDA2	Ty Daou 2	tydaou2-gite-chambre-3
TDA2	Ty Daou 2	tydaou2-gite-chambre-4
TDA2	Ty Daou 2	tydaou2-gite-sejour-2
TDIV	Ty Divent	tydivent-gite-exterieur-1
TDIV	Ty Divent	tydivent-gite-sejour-2
TDIV	Ty Divent	tydivent-gite-cuisine-3
TDIV	Ty Divent	tydivent-gite-chambre-4
TGOU	Ty Gouzik	tygouzik-gite-exterieur-1
TGOU	Ty Gouzik	tygouzik-gite-sejour-2
TGOU	Ty Gouzik	tygouzik-gite-chambre-3
TGOU	Ty Gouzik	tygouzik-gite-chambre-4
TGOU	Ty Gouzik	tygouzik-gite-chambre-5
TGWE	Ty Gwenn	tygwenn-gite-exterieur-1
TGWE	Ty Gwenn	tygwenn-gite-sejour-2
TGWE	Ty Gwenn	tygwenn-gite-cuisine-3
TGWE	Ty Gwenn	tygwenn-gite-chambre-4
TTOM	Ty Tomm	tytomm-gite-exterieur-1
TTOM	Ty Tomm	tytomm-gite-sejour-2
TTOM	Ty Tomm	tytomm-gite-sejour-3
TTOM	Ty Tomm	tytomm-gite-cuisine-4
VAC5	Vacanciale	vacanciale-caravane-exterieur-1
VAC5	Vacanciale	vacanciale-caravane-exterieur-2
VAC5	Vacanciale	vacanciale-caravane-cuisine-3
VAC5	Vacanciale	vacanciale-caravane-cuisine-4
VAC5	Vacanciale	vacanciale-caravane-chambre-6
SPA7	Spacial 7	spacial-mobilhome-exterieur-1
SPA7	Spacial 7	spacial-mobilhome-chambre-5
SPA7	Spacial 7	spacial-mobilhome-exterieur-2
SPA7	Spacial 7	spacial-mobilhome-sejour-3
RES4	Résidential 4	residential-mobilhome-exterieur-1
RES4	Résidential 4	residential-mobilhome-chambre-3
RES4	Résidential 4	residential-mobilhome-sejour-2
FAM5	Familial 5	familial-mobilhome-exterieur-1
FAM5	Familial 5	familial-mobilhome-sejour-2
FAM5	Familial 5	familial-mobilhome-chambre-3
MAI	Bungalows Domaine d'Anghione 4-6	bungalow-domaine d'anghione-exterieur-1
MAI	Bungalows Domaine d'Anghione 4-6	bungalow-domaine d'anghione-cuisine-2
MAI	Bungalows Domaine d'Anghione 4-6	bungalow-domaine d'anghione-exterieur-7
MAI	Bungalows Domaine d'Anghione 4-6	bungalow-domaine d'anghione-sejour-3
DOM5	Domanial 5	domanial-mobilhome-exterieur-1
DOM5	Domanial 5	domanial-mobilhome-chambre-4
DOM5	Domanial 5	domanial-mobilhome-salledebain-5
DOM5	Domanial 5	domanial-mobilhome-sejour-3
DOM5	Domanial 5	domanial-mobilhome-terrasse-2
COR4	Cordial 4	cordial-mobilhome-chambre-5
COR4	Cordial 4	cordial-mobilhome-exterieur-1
COR4	Cordial 4	cordial-mobilhome-exterieur-2
COR4	Cordial 4	cordial-mobilhome-sejour-3
FAML	Familial 6 vue Lac	familial-mobilhome-exterieur-1
FAML	Familial 6 vue Lac	familial-mobilhome-sejour-2
FAML	Familial 6 vue Lac	familial-mobilhome-chambre-3
FAML	Familial 6 vue Lac	familial-mobilhome-chambre-4
SPAL	Spacial 6 vue Lac	spacial-mobilhome-exterieur-1
SPAL	Spacial 6 vue Lac	spacial-mobilhome-chambre-5
SPAL	Spacial 6 vue Lac	spacial-mobilhome-exterieur-2
SPAL	Spacial 6 vue Lac	spacial-mobilhome-sejour-3
VAM5	Vacanciale mer 5 	vacanciale-caravane-exterieur-1
VAM5	Vacanciale mer 5 	vacanciale-caravane-exterieur-2
VAM5	Vacanciale mer 5 	vacanciale-caravane-cuisine-3
VAM5	Vacanciale mer 5 	vacanciale-caravane-cuisine-4
VAM5	Vacanciale mer 5 	vacanciale-caravane-chambre-6
